Voll,Demand_Segment,Cost_of_Demand_Curtailment_per_MW,Max_Demand_Curtailment,$/MWh,Rep_Periods,Timesteps_per_Rep_Period,Sub_Weights,Time_Index,Load_MW_z1,Load_MW_z2,Load_MW_z3
50000,1,1.0,1.0,2000,11,168,673.8461538461539,1,8761.0,2502.0,1195.0
,2,0.9,0.04,1800,,,1179.2307692307693,2,8474.0,2420.0,1156.0
,3,0.55,0.024,1100,,,842.3076923076924,3,8336.0,2380.0,1136.0
,4,0.2,0.003,400,,,842.3076923076924,4,8275.0,2364.0,1128.0
,,,,,,,1010.7692307692308,5,8330.0,2379.0,1136.0
,,,,,,,1347.6923076923078,6,8557.0,2444.0,1166.0
,,,,,,,168.46153846153848,7,8959.0,2559.0,1222.0
,,,,,,,1853.076923076923,8,9399.0,2684.0,1282.0
,,,,,,,505.3846153846154,9,9982.0,2850.0,1361.0
,,,,,,,168.46153846153848,10,10341.0,2953.0,1410.0
,,,,,,,168.46153846153848,11,10483.0,2994.0,1429.0
,,,,,,,,12,10481.0,2993.0,1428.0
,,,,,,,,13,10418.0,2975.0,1420.0
,,,,,,,,14,10339.0,2953.0,1409.0
,,,,,,,,15,10308.0,2944.0,1405.0
,,,,,,,,16,10326.0,2949.0,1408.0
,,,,,,,,17,10808.0,3086.0,1474.0
,,,,,,,,18,11527.0,3292.0,1571.0
,,,,,,,,19,11531.0,3293.0,1572.0
,,,,,,,,20,11320.0,3233.0,1544.0
,,,,,,,,21,10905.0,3115.0,1487.0
,,,,,,,,22,10222.0,2920.0,1393.0
,,,,,,,,23,9458.0,2701.0,1289.0
,,,,,,,,24,8683.0,2479.0,1184.0
,,,,,,,,25,8126.0,2321.0,1108.0
,,,,,,,,26,7842.0,2239.0,1069.0
,,,,,,,,27,7727.0,2207.0,1054.0
,,,,,,,,28,7733.0,2209.0,1055.0
,,,,,,,,29,7973.0,2277.0,1087.0
,,,,,,,,30,8704.0,2485.0,1186.0
,,,,,,,,31,10034.0,2865.0,1368.0
,,,,,,,,32,10781.0,3079.0,1469.0
,,,,,,,,33,10942.0,3126.0,1492.0
,,,,,,,,34,11033.0,3151.0,1504.0
,,,,,,,,35,11119.0,3176.0,1516.0
,,,,,,,,36,11103.0,3170.0,1514.0
,,,,,,,,37,10996.0,3140.0,1499.0
,,,,,,,,38,10921.0,3119.0,1489.0
,,,,,,,,39,10803.0,3085.0,1473.0
,,,,,,,,40,10808.0,3086.0,1474.0
,,,,,,,,41,11301.0,3227.0,1540.0
,,,,,,,,42,12019.0,3432.0,1639.0
,,,,,,,,43,11919.0,3404.0,1625.0
,,,,,,,,44,11541.0,3296.0,1574.0
,,,,,,,,45,10997.0,3140.0,1499.0
,,,,,,,,46,10197.0,2912.0,1390.0
,,,,,,,,47,9194.0,2625.0,1253.0
,,,,,,,,48,8285.0,2366.0,1130.0
,,,,,,,,49,7707.0,2201.0,1050.0
,,,,,,,,50,7341.0,2097.0,1000.0
,,,,,,,,51,7162.0,2045.0,976.0
,,,,,,,,52,7116.0,2032.0,970.0
,,,,,,,,53,7319.0,2090.0,998.0
,,,,,,,,54,7994.0,2283.0,1090.0
,,,,,,,,55,9337.0,2666.0,1273.0
,,,,,,,,56,10078.0,2878.0,1374.0
,,,,,,,,57,10153.0,2900.0,1384.0
,,,,,,,,58,10111.0,2888.0,1378.0
,,,,,,,,59,10123.0,2891.0,1380.0
,,,,,,,,60,10081.0,2879.0,1374.0
,,,,,,,,61,9965.0,2846.0,1358.0
,,,,,,,,62,9889.0,2825.0,1348.0
,,,,,,,,63,9783.0,2794.0,1333.0
,,,,,,,,64,9791.0,2796.0,1335.0
,,,,,,,,65,10281.0,2936.0,1402.0
,,,,,,,,66,11182.0,3194.0,1525.0
,,,,,,,,67,11192.0,3196.0,1526.0
,,,,,,,,68,10926.0,3120.0,1489.0
,,,,,,,,69,10493.0,2997.0,1430.0
,,,,,,,,70,9776.0,2792.0,1332.0
,,,,,,,,71,8880.0,2536.0,1211.0
,,,,,,,,72,8042.0,2297.0,1096.0
,,,,,,,,73,7503.0,2143.0,1023.0
,,,,,,,,74,7232.0,2065.0,986.0
,,,,,,,,75,7111.0,2031.0,969.0
,,,,,,,,76,7117.0,2033.0,970.0
,,,,,,,,77,7346.0,2098.0,1001.0
,,,,,,,,78,8087.0,2309.0,1102.0
,,,,,,,,79,9490.0,2710.0,1294.0
,,,,,,,,80,10273.0,2934.0,1401.0
,,,,,,,,81,10338.0,2952.0,1409.0
,,,,,,,,82,10396.0,2969.0,1418.0
,,,,,,,,83,10443.0,2982.0,1424.0
,,,,,,,,84,10416.0,2975.0,1420.0
,,,,,,,,85,10312.0,2945.0,1406.0
,,,,,,,,86,10256.0,2929.0,1398.0
,,,,,,,,87,10138.0,2895.0,1383.0
,,,,,,,,88,10122.0,2891.0,1380.0
,,,,,,,,89,10578.0,3021.0,1442.0
,,,,,,,,90,11573.0,3306.0,1578.0
,,,,,,,,91,11640.0,3325.0,1587.0
,,,,,,,,92,11375.0,3249.0,1551.0
,,,,,,,,93,10958.0,3130.0,1494.0
,,,,,,,,94,10211.0,2916.0,1392.0
,,,,,,,,95,9243.0,2639.0,1260.0
,,,,,,,,96,8385.0,2394.0,1143.0
,,,,,,,,97,7825.0,2235.0,1067.0
,,,,,,,,98,7539.0,2153.0,1028.0
,,,,,,,,99,7404.0,2114.0,1010.0
,,,,,,,,100,7398.0,2113.0,1009.0
,,,,,,,,101,7632.0,2180.0,1040.0
,,,,,,,,102,8343.0,2383.0,1137.0
,,,,,,,,103,9737.0,2780.0,1328.0
,,,,,,,,104,10482.0,2994.0,1429.0
,,,,,,,,105,10532.0,3008.0,1436.0
,,,,,,,,106,10500.0,2999.0,1432.0
,,,,,,,,107,10474.0,2991.0,1428.0
,,,,,,,,108,10405.0,2972.0,1418.0
,,,,,,,,109,10322.0,2948.0,1407.0
,,,,,,,,110,10314.0,2945.0,1406.0
,,,,,,,,111,10285.0,2937.0,1402.0
,,,,,,,,112,10364.0,2960.0,1413.0
,,,,,,,,113,10868.0,3104.0,1482.0
,,,,,,,,114,11660.0,3330.0,1590.0
,,,,,,,,115,11630.0,3321.0,1585.0
,,,,,,,,116,11361.0,3245.0,1549.0
,,,,,,,,117,10911.0,3116.0,1488.0
,,,,,,,,118,10191.0,2910.0,1389.0
,,,,,,,,119,9244.0,2640.0,1260.0
,,,,,,,,120,8396.0,2398.0,1145.0
,,,,,,,,121,7822.0,2234.0,1066.0
,,,,,,,,122,7494.0,2140.0,1021.0
,,,,,,,,123,7343.0,2097.0,1001.0
,,,,,,,,124,7289.0,2082.0,994.0
,,,,,,,,125,7482.0,2137.0,1020.0
,,,,,,,,126,8142.0,2325.0,1110.0
,,,,,,,,127,9388.0,2681.0,1280.0
,,,,,,,,128,10233.0,2922.0,1395.0
,,,,,,,,129,10494.0,2997.0,1431.0
,,,,,,,,130,10665.0,3046.0,1454.0
,,,,,,,,131,10780.0,3079.0,1469.0
,,,,,,,,132,10817.0,3089.0,1474.0
,,,,,,,,133,10743.0,3068.0,1464.0
,,,,,,,,134,10657.0,3044.0,1453.0
,,,,,,,,135,10516.0,3003.0,1434.0
,,,,,,,,136,10468.0,2990.0,1427.0
,,,,,,,,137,10788.0,3081.0,1471.0
,,,,,,,,138,11254.0,3214.0,1535.0
,,,,,,,,139,11088.0,3167.0,1512.0
,,,,,,,,140,10715.0,3060.0,1461.0
,,,,,,,,141,10312.0,2945.0,1406.0
,,,,,,,,142,9767.0,2790.0,1332.0
,,,,,,,,143,9041.0,2582.0,1232.0
,,,,,,,,144,8305.0,2372.0,1132.0
,,,,,,,,145,7713.0,2203.0,1051.0
,,,,,,,,146,7356.0,2101.0,1003.0
,,,,,,,,147,7174.0,2048.0,978.0
,,,,,,,,148,7106.0,2029.0,969.0
,,,,,,,,149,7170.0,2048.0,978.0
,,,,,,,,150,7470.0,2134.0,1019.0
,,,,,,,,151,7989.0,2282.0,1089.0
,,,,,,,,152,8543.0,2439.0,1165.0
,,,,,,,,153,9129.0,2607.0,1245.0
,,,,,,,,154,9504.0,2715.0,1296.0
,,,,,,,,155,9671.0,2762.0,1318.0
,,,,,,,,156,9578.0,2735.0,1306.0
,,,,,,,,157,9397.0,2684.0,1281.0
,,,,,,,,158,9152.0,2614.0,1247.0
,,,,,,,,159,9002.0,2571.0,1227.0
,,,,,,,,160,9005.0,2572.0,1227.0
,,,,,,,,161,9435.0,2694.0,1287.0
,,,,,,,,162,10341.0,2953.0,1410.0
,,,,,,,,163,10416.0,2975.0,1420.0
,,,,,,,,164,10112.0,2888.0,1378.0
,,,,,,,,165,9802.0,2800.0,1337.0
,,,,,,,,166,9331.0,2665.0,1272.0
,,,,,,,,167,8730.0,2493.0,1190.0
,,,,,,,,168,8088.0,2310.0,1103.0
,,,,,,,,169,7490.0,2138.0,1021.0
,,,,,,,,170,7210.0,2059.0,983.0
,,,,,,,,171,7059.0,2016.0,962.0
,,,,,,,,172,7011.0,2003.0,956.0
,,,,,,,,173,7070.0,2019.0,964.0
,,,,,,,,174,7293.0,2083.0,994.0
,,,,,,,,175,7609.0,2173.0,1037.0
,,,,,,,,176,8012.0,2288.0,1092.0
,,,,,,,,177,8538.0,2439.0,1164.0
,,,,,,,,178,8900.0,2542.0,1213.0
,,,,,,,,179,9034.0,2580.0,1232.0
,,,,,,,,180,9054.0,2585.0,1234.0
,,,,,,,,181,8953.0,2557.0,1221.0
,,,,,,,,182,8781.0,2508.0,1197.0
,,,,,,,,183,8625.0,2463.0,1176.0
,,,,,,,,184,8611.0,2459.0,1174.0
,,,,,,,,185,8917.0,2547.0,1216.0
,,,,,,,,186,9775.0,2791.0,1332.0
,,,,,,,,187,10295.0,2940.0,1403.0
,,,,,,,,188,10076.0,2878.0,1373.0
,,,,,,,,189,9756.0,2786.0,1330.0
,,,,,,,,190,9251.0,2642.0,1261.0
,,,,,,,,191,8620.0,2462.0,1175.0
,,,,,,,,192,8004.0,2286.0,1091.0
,,,,,,,,193,7591.0,2168.0,1035.0
,,,,,,,,194,7349.0,2099.0,1002.0
,,,,,,,,195,7210.0,2059.0,983.0
,,,,,,,,196,7233.0,2066.0,986.0
,,,,,,,,197,7428.0,2121.0,1013.0
,,,,,,,,198,7961.0,2274.0,1085.0
,,,,,,,,199,8744.0,2497.0,1192.0
,,,,,,,,200,9347.0,2670.0,1274.0
,,,,,,,,201,9828.0,2807.0,1340.0
,,,,,,,,202,10129.0,2893.0,1381.0
,,,,,,,,203,10263.0,2931.0,1399.0
,,,,,,,,204,10228.0,2921.0,1394.0
,,,,,,,,205,10062.0,2874.0,1372.0
,,,,,,,,206,9882.0,2822.0,1348.0
,,,,,,,,207,9738.0,2781.0,1328.0
,,,,,,,,208,9696.0,2769.0,1322.0
,,,,,,,,209,9990.0,2853.0,1362.0
,,,,,,,,210,10862.0,3102.0,1481.0
,,,,,,,,211,11318.0,3232.0,1543.0
,,,,,,,,212,11040.0,3153.0,1505.0
,,,,,,,,213,10615.0,3031.0,1447.0
,,,,,,,,214,9962.0,2845.0,1358.0
,,,,,,,,215,9128.0,2607.0,1244.0
,,,,,,,,216,8372.0,2391.0,1141.0
,,,,,,,,217,7888.0,2253.0,1075.0
,,,,,,,,218,7640.0,2182.0,1041.0
,,,,,,,,219,7545.0,2154.0,1029.0
,,,,,,,,220,7585.0,2166.0,1034.0
,,,,,,,,221,7831.0,2236.0,1068.0
,,,,,,,,222,8541.0,2439.0,1165.0
,,,,,,,,223,9651.0,2756.0,1316.0
,,,,,,,,224,10291.0,2939.0,1403.0
,,,,,,,,225,10491.0,2996.0,1430.0
,,,,,,,,226,10481.0,2993.0,1428.0
,,,,,,,,227,10455.0,2986.0,1425.0
,,,,,,,,228,10351.0,2956.0,1411.0
,,,,,,,,229,10191.0,2910.0,1389.0
,,,,,,,,230,10110.0,2888.0,1378.0
,,,,,,,,231,10039.0,2867.0,1368.0
,,,,,,,,232,10042.0,2868.0,1369.0
,,,,,,,,233,10338.0,2952.0,1409.0
,,,,,,,,234,11123.0,3176.0,1516.0
,,,,,,,,235,11418.0,3260.0,1557.0
,,,,,,,,236,11097.0,3169.0,1513.0
,,,,,,,,237,10601.0,3027.0,1445.0
,,,,,,,,238,9885.0,2823.0,1348.0
,,,,,,,,239,8968.0,2561.0,1222.0
,,,,,,,,240,8153.0,2329.0,1111.0
,,,,,,,,241,7599.0,2170.0,1036.0
,,,,,,,,242,7284.0,2080.0,993.0
,,,,,,,,243,7147.0,2041.0,974.0
,,,,,,,,244,7125.0,2035.0,971.0
,,,,,,,,245,7333.0,2094.0,999.0
,,,,,,,,246,7991.0,2282.0,1090.0
,,,,,,,,247,9047.0,2584.0,1233.0
,,,,,,,,248,9732.0,2780.0,1327.0
,,,,,,,,249,9950.0,2842.0,1357.0
,,,,,,,,250,9972.0,2848.0,1359.0
,,,,,,,,251,10004.0,2857.0,1364.0
,,,,,,,,252,9950.0,2842.0,1357.0
,,,,,,,,253,9807.0,2801.0,1337.0
,,,,,,,,254,9709.0,2773.0,1323.0
,,,,,,,,255,9560.0,2730.0,1303.0
,,,,,,,,256,9469.0,2704.0,1291.0
,,,,,,,,257,9656.0,2758.0,1317.0
,,,,,,,,258,10381.0,2965.0,1415.0
,,,,,,,,259,10819.0,3090.0,1475.0
,,,,,,,,260,10562.0,3016.0,1440.0
,,,,,,,,261,10151.0,2900.0,1384.0
,,,,,,,,262,9508.0,2715.0,1296.0
,,,,,,,,263,8638.0,2467.0,1177.0
,,,,,,,,264,7846.0,2241.0,1070.0
,,,,,,,,265,7303.0,2086.0,995.0
,,,,,,,,266,6999.0,1999.0,954.0
,,,,,,,,267,6838.0,1953.0,932.0
,,,,,,,,268,6820.0,1948.0,929.0
,,,,,,,,269,7001.0,1999.0,954.0
,,,,,,,,270,7652.0,2185.0,1043.0
,,,,,,,,271,8744.0,2497.0,1192.0
,,,,,,,,272,9451.0,2699.0,1288.0
,,,,,,,,273,9760.0,2787.0,1331.0
,,,,,,,,274,9924.0,2835.0,1353.0
,,,,,,,,275,9981.0,2850.0,1361.0
,,,,,,,,276,9974.0,2849.0,1360.0
,,,,,,,,277,9877.0,2820.0,1347.0
,,,,,,,,278,9772.0,2790.0,1332.0
,,,,,,,,279,9652.0,2756.0,1316.0
,,,,,,,,280,9540.0,2725.0,1301.0
,,,,,,,,281,9671.0,2762.0,1318.0
,,,,,,,,282,10355.0,2957.0,1412.0
,,,,,,,,283,10836.0,3095.0,1477.0
,,,,,,,,284,10620.0,3033.0,1448.0
,,,,,,,,285,10217.0,2918.0,1393.0
,,,,,,,,286,9588.0,2738.0,1307.0
,,,,,,,,287,8742.0,2497.0,1191.0
,,,,,,,,288,7977.0,2279.0,1087.0
,,,,,,,,289,7457.0,2129.0,1016.0
,,,,,,,,290,7157.0,2044.0,975.0
,,,,,,,,291,7019.0,2004.0,957.0
,,,,,,,,292,7027.0,2007.0,958.0
,,,,,,,,293,7231.0,2065.0,985.0
,,,,,,,,294,7861.0,2245.0,1071.0
,,,,,,,,295,8911.0,2545.0,1215.0
,,,,,,,,296,9703.0,2771.0,1322.0
,,,,,,,,297,10187.0,2910.0,1388.0
,,,,,,,,298,10441.0,2982.0,1424.0
,,,,,,,,299,10613.0,3031.0,1447.0
,,,,,,,,300,10669.0,3047.0,1454.0
,,,,,,,,301,10604.0,3028.0,1445.0
,,,,,,,,302,10565.0,3017.0,1440.0
,,,,,,,,303,10490.0,2995.0,1430.0
,,,,,,,,304,10443.0,2983.0,1424.0
,,,,,,,,305,10639.0,3039.0,1450.0
,,,,,,,,306,11072.0,3162.0,1509.0
,,,,,,,,307,11096.0,3169.0,1513.0
,,,,,,,,308,10745.0,3069.0,1465.0
,,,,,,,,309,10289.0,2939.0,1403.0
,,,,,,,,310,9690.0,2767.0,1321.0
,,,,,,,,311,8930.0,2550.0,1217.0
,,,,,,,,312,8178.0,2335.0,1115.0
,,,,,,,,313,7621.0,2177.0,1039.0
,,,,,,,,314,7287.0,2081.0,994.0
,,,,,,,,315,7110.0,2030.0,969.0
,,,,,,,,316,7044.0,2012.0,960.0
,,,,,,,,317,7131.0,2037.0,972.0
,,,,,,,,318,7410.0,2116.0,1010.0
,,,,,,,,319,7828.0,2235.0,1067.0
,,,,,,,,320,8316.0,2374.0,1134.0
,,,,,,,,321,8903.0,2543.0,1214.0
,,,,,,,,322,9358.0,2672.0,1276.0
,,,,,,,,323,9582.0,2736.0,1307.0
,,,,,,,,324,9587.0,2738.0,1307.0
,,,,,,,,325,9485.0,2709.0,1293.0
,,,,,,,,326,9318.0,2661.0,1270.0
,,,,,,,,327,9195.0,2626.0,1253.0
,,,,,,,,328,9175.0,2620.0,1251.0
,,,,,,,,329,9422.0,2690.0,1284.0
,,,,,,,,330,10096.0,2884.0,1377.0
,,,,,,,,331,10560.0,3015.0,1439.0
,,,,,,,,332,10326.0,2949.0,1408.0
,,,,,,,,333,9995.0,2855.0,1363.0
,,,,,,,,334,9553.0,2728.0,1302.0
,,,,,,,,335,8922.0,2549.0,1216.0
,,,,,,,,336,8318.0,2375.0,1134.0
,,,,,,,,337,6488.0,1853.0,884.0
,,,,,,,,338,6220.0,1776.0,848.0
,,,,,,,,339,6097.0,1741.0,831.0
,,,,,,,,340,6095.0,1741.0,831.0
,,,,,,,,341,6305.0,1801.0,859.0
,,,,,,,,342,7009.0,2002.0,955.0
,,,,,,,,343,8321.0,2376.0,1135.0
,,,,,,,,344,9087.0,2595.0,1239.0
,,,,,,,,345,9303.0,2657.0,1268.0
,,,,,,,,346,9426.0,2692.0,1285.0
,,,,,,,,347,9581.0,2736.0,1306.0
,,,,,,,,348,9660.0,2759.0,1317.0
,,,,,,,,349,9664.0,2760.0,1318.0
,,,,,,,,350,9701.0,2770.0,1322.0
,,,,,,,,351,9625.0,2749.0,1312.0
,,,,,,,,352,9513.0,2717.0,1297.0
,,,,,,,,353,9440.0,2696.0,1287.0
,,,,,,,,354,9438.0,2695.0,1287.0
,,,,,,,,355,9510.0,2716.0,1297.0
,,,,,,,,356,10034.0,2865.0,1368.0
,,,,,,,,357,9803.0,2800.0,1337.0
,,,,,,,,358,9053.0,2585.0,1234.0
,,,,,,,,359,8084.0,2309.0,1102.0
,,,,,,,,360,7222.0,2063.0,984.0
,,,,,,,,361,6657.0,1901.0,908.0
,,,,,,,,362,6364.0,1818.0,868.0
,,,,,,,,363,6229.0,1779.0,849.0
,,,,,,,,364,6188.0,1767.0,843.0
,,,,,,,,365,6383.0,1823.0,870.0
,,,,,,,,366,7038.0,2010.0,959.0
,,,,,,,,367,8316.0,2375.0,1134.0
,,,,,,,,368,9058.0,2587.0,1235.0
,,,,,,,,369,9240.0,2639.0,1260.0
,,,,,,,,370,9335.0,2666.0,1272.0
,,,,,,,,371,9468.0,2704.0,1291.0
,,,,,,,,372,9552.0,2728.0,1302.0
,,,,,,,,373,9590.0,2739.0,1308.0
,,,,,,,,374,9666.0,2760.0,1318.0
,,,,,,,,375,9640.0,2753.0,1314.0
,,,,,,,,376,9594.0,2740.0,1308.0
,,,,,,,,377,9588.0,2738.0,1307.0
,,,,,,,,378,9612.0,2745.0,1310.0
,,,,,,,,379,9624.0,2749.0,1312.0
,,,,,,,,380,10133.0,2894.0,1382.0
,,,,,,,,381,9966.0,2846.0,1358.0
,,,,,,,,382,9241.0,2639.0,1260.0
,,,,,,,,383,8240.0,2353.0,1123.0
,,,,,,,,384,7373.0,2105.0,1005.0
,,,,,,,,385,6779.0,1936.0,924.0
,,,,,,,,386,6465.0,1846.0,881.0
,,,,,,,,387,6283.0,1794.0,857.0
,,,,,,,,388,6237.0,1781.0,850.0
,,,,,,,,389,6399.0,1828.0,873.0
,,,,,,,,390,7020.0,2005.0,957.0
,,,,,,,,391,8288.0,2367.0,1130.0
,,,,,,,,392,9036.0,2580.0,1232.0
,,,,,,,,393,9330.0,2665.0,1272.0
,,,,,,,,394,9512.0,2716.0,1297.0
,,,,,,,,395,9710.0,2773.0,1323.0
,,,,,,,,396,9832.0,2808.0,1341.0
,,,,,,,,397,9865.0,2817.0,1345.0
,,,,,,,,398,9921.0,2834.0,1353.0
,,,,,,,,399,9892.0,2825.0,1348.0
,,,,,,,,400,9842.0,2811.0,1342.0
,,,,,,,,401,9817.0,2804.0,1338.0
,,,,,,,,402,9815.0,2803.0,1338.0
,,,,,,,,403,9778.0,2793.0,1333.0
,,,,,,,,404,10245.0,2925.0,1397.0
,,,,,,,,405,10070.0,2876.0,1373.0
,,,,,,,,406,9360.0,2673.0,1276.0
,,,,,,,,407,8382.0,2394.0,1142.0
,,,,,,,,408,7475.0,2134.0,1019.0
,,,,,,,,409,6924.0,1978.0,944.0
,,,,,,,,410,6561.0,1873.0,894.0
,,,,,,,,411,6379.0,1822.0,869.0
,,,,,,,,412,6315.0,1803.0,861.0
,,,,,,,,413,6456.0,1843.0,880.0
,,,,,,,,414,7061.0,2017.0,963.0
,,,,,,,,415,8316.0,2375.0,1134.0
,,,,,,,,416,9067.0,2590.0,1236.0
,,,,,,,,417,9369.0,2675.0,1277.0
,,,,,,,,418,9601.0,2742.0,1309.0
,,,,,,,,419,9838.0,2810.0,1341.0
,,,,,,,,420,9967.0,2846.0,1359.0
,,,,,,,,421,10001.0,2856.0,1363.0
,,,,,,,,422,10114.0,2889.0,1379.0
,,,,,,,,423,10112.0,2888.0,1378.0
,,,,,,,,424,10096.0,2883.0,1377.0
,,,,,,,,425,10079.0,2879.0,1374.0
,,,,,,,,426,10039.0,2867.0,1368.0
,,,,,,,,427,9934.0,2837.0,1354.0
,,,,,,,,428,10363.0,2960.0,1413.0
,,,,,,,,429,10219.0,2919.0,1393.0
,,,,,,,,430,9523.0,2720.0,1298.0
,,,,,,,,431,8513.0,2431.0,1161.0
,,,,,,,,432,7619.0,2176.0,1039.0
,,,,,,,,433,7042.0,2011.0,960.0
,,,,,,,,434,6684.0,1908.0,911.0
,,,,,,,,435,6461.0,1845.0,881.0
,,,,,,,,436,6390.0,1825.0,871.0
,,,,,,,,437,6527.0,1863.0,889.0
,,,,,,,,438,7096.0,2027.0,967.0
,,,,,,,,439,8282.0,2365.0,1129.0
,,,,,,,,440,9039.0,2582.0,1232.0
,,,,,,,,441,9336.0,2666.0,1272.0
,,,,,,,,442,9530.0,2722.0,1299.0
,,,,,,,,443,9699.0,2770.0,1322.0
,,,,,,,,444,9746.0,2783.0,1328.0
,,,,,,,,445,9669.0,2761.0,1318.0
,,,,,,,,446,9692.0,2768.0,1321.0
,,,,,,,,447,9603.0,2743.0,1309.0
,,,,,,,,448,9488.0,2710.0,1293.0
,,,,,,,,449,9425.0,2691.0,1285.0
,,,,,,,,450,9321.0,2662.0,1271.0
,,,,,,,,451,9137.0,2610.0,1246.0
,,,,,,,,452,9519.0,2719.0,1298.0
,,,,,,,,453,9343.0,2669.0,1274.0
,,,,,,,,454,8803.0,2514.0,1200.0
,,,,,,,,455,8073.0,2305.0,1100.0
,,,,,,,,456,7301.0,2085.0,995.0
,,,,,,,,457,6716.0,1918.0,915.0
,,,,,,,,458,6351.0,1813.0,866.0
,,,,,,,,459,6143.0,1754.0,838.0
,,,,,,,,460,6033.0,1723.0,823.0
,,,,,,,,461,6043.0,1726.0,823.0
,,,,,,,,462,6246.0,1783.0,851.0
,,,,,,,,463,6660.0,1902.0,908.0
,,,,,,,,464,7157.0,2044.0,975.0
,,,,,,,,465,7838.0,2239.0,1069.0
,,,,,,,,466,8325.0,2378.0,1135.0
,,,,,,,,467,8539.0,2439.0,1164.0
,,,,,,,,468,8579.0,2450.0,1170.0
,,,,,,,,469,8483.0,2423.0,1156.0
,,,,,,,,470,8313.0,2374.0,1133.0
,,,,,,,,471,8175.0,2334.0,1115.0
,,,,,,,,472,8109.0,2316.0,1106.0
,,,,,,,,473,8166.0,2332.0,1113.0
,,,,,,,,474,8373.0,2391.0,1141.0
,,,,,,,,475,8583.0,2451.0,1170.0
,,,,,,,,476,8925.0,2549.0,1216.0
,,,,,,,,477,8761.0,2502.0,1195.0
,,,,,,,,478,8313.0,2374.0,1133.0
,,,,,,,,479,7709.0,2202.0,1051.0
,,,,,,,,480,7087.0,2023.0,966.0
,,,,,,,,481,6571.0,1877.0,896.0
,,,,,,,,482,6231.0,1779.0,849.0
,,,,,,,,483,6059.0,1730.0,826.0
,,,,,,,,484,5975.0,1706.0,814.0
,,,,,,,,485,5989.0,1711.0,817.0
,,,,,,,,486,6126.0,1749.0,835.0
,,,,,,,,487,6447.0,1841.0,878.0
,,,,,,,,488,6881.0,1965.0,938.0
,,,,,,,,489,7568.0,2161.0,1031.0
,,,,,,,,490,8160.0,2330.0,1112.0
,,,,,,,,491,8530.0,2436.0,1163.0
,,,,,,,,492,8748.0,2498.0,1192.0
,,,,,,,,493,8822.0,2519.0,1202.0
,,,,,,,,494,8734.0,2494.0,1191.0
,,,,,,,,495,8636.0,2466.0,1177.0
,,,,,,,,496,8569.0,2447.0,1168.0
,,,,,,,,497,8690.0,2482.0,1185.0
,,,,,,,,498,8933.0,2551.0,1218.0
,,,,,,,,499,9135.0,2609.0,1246.0
,,,,,,,,500,9515.0,2717.0,1298.0
,,,,,,,,501,9322.0,2662.0,1271.0
,,,,,,,,502,8673.0,2477.0,1182.0
,,,,,,,,503,7890.0,2254.0,1075.0
,,,,,,,,504,7164.0,2046.0,977.0
,,,,,,,,505,6626.0,1893.0,903.0
,,,,,,,,506,6392.0,1825.0,871.0
,,,,,,,,507,6286.0,1795.0,857.0
,,,,,,,,508,6264.0,1789.0,853.0
,,,,,,,,509,6445.0,1840.0,878.0
,,,,,,,,510,7127.0,2035.0,971.0
,,,,,,,,511,8305.0,2372.0,1132.0
,,,,,,,,512,9197.0,2626.0,1254.0
,,,,,,,,513,9568.0,2733.0,1304.0
,,,,,,,,514,9755.0,2786.0,1330.0
,,,,,,,,515,9891.0,2825.0,1348.0
,,,,,,,,516,9947.0,2841.0,1356.0
,,,,,,,,517,9884.0,2823.0,1348.0
,,,,,,,,518,9840.0,2810.0,1342.0
,,,,,,,,519,9705.0,2771.0,1323.0
,,,,,,,,520,9597.0,2740.0,1308.0
,,,,,,,,521,9638.0,2753.0,1314.0
,,,,,,,,522,9752.0,2785.0,1329.0
,,,,,,,,523,9732.0,2780.0,1327.0
,,,,,,,,524,9838.0,2810.0,1341.0
,,,,,,,,525,9811.0,2802.0,1338.0
,,,,,,,,526,9119.0,2604.0,1243.0
,,,,,,,,527,8183.0,2337.0,1116.0
,,,,,,,,528,7329.0,2093.0,999.0
,,,,,,,,529,6780.0,1936.0,924.0
,,,,,,,,530,6519.0,1862.0,888.0
,,,,,,,,531,6377.0,1821.0,869.0
,,,,,,,,532,6350.0,1813.0,866.0
,,,,,,,,533,6542.0,1868.0,892.0
,,,,,,,,534,7181.0,2051.0,979.0
,,,,,,,,535,8243.0,2354.0,1124.0
,,,,,,,,536,9045.0,2583.0,1233.0
,,,,,,,,537,9303.0,2657.0,1268.0
,,,,,,,,538,9450.0,2699.0,1288.0
,,,,,,,,539,9554.0,2729.0,1302.0
,,,,,,,,540,9546.0,2726.0,1302.0
,,,,,,,,541,9473.0,2705.0,1292.0
,,,,,,,,542,9439.0,2695.0,1287.0
,,,,,,,,543,9335.0,2666.0,1272.0
,,,,,,,,544,9235.0,2638.0,1259.0
,,,,,,,,545,9250.0,2642.0,1261.0
,,,,,,,,546,9308.0,2658.0,1269.0
,,,,,,,,547,9325.0,2663.0,1272.0
,,,,,,,,548,9589.0,2739.0,1308.0
,,,,,,,,549,9834.0,2809.0,1341.0
,,,,,,,,550,9223.0,2634.0,1257.0
,,,,,,,,551,8266.0,2360.0,1127.0
,,,,,,,,552,7403.0,2114.0,1010.0
,,,,,,,,553,6846.0,1955.0,934.0
,,,,,,,,554,6563.0,1874.0,894.0
,,,,,,,,555,6434.0,1838.0,877.0
,,,,,,,,556,6396.0,1827.0,872.0
,,,,,,,,557,6607.0,1887.0,901.0
,,,,,,,,558,7258.0,2073.0,989.0
,,,,,,,,559,8321.0,2376.0,1135.0
,,,,,,,,560,9055.0,2586.0,1235.0
,,,,,,,,561,9248.0,2641.0,1261.0
,,,,,,,,562,9365.0,2675.0,1277.0
,,,,,,,,563,9445.0,2697.0,1288.0
,,,,,,,,564,9476.0,2706.0,1292.0
,,,,,,,,565,9431.0,2693.0,1286.0
,,,,,,,,566,9411.0,2688.0,1283.0
,,,,,,,,567,9284.0,2651.0,1266.0
,,,,,,,,568,9200.0,2627.0,1254.0
,,,,,,,,569,9217.0,2632.0,1257.0
,,,,,,,,570,9275.0,2649.0,1265.0
,,,,,,,,571,9314.0,2659.0,1270.0
,,,,,,,,572,9529.0,2721.0,1299.0
,,,,,,,,573,9704.0,2771.0,1322.0
,,,,,,,,574,9135.0,2609.0,1246.0
,,,,,,,,575,8240.0,2354.0,1123.0
,,,,,,,,576,7404.0,2114.0,1010.0
,,,,,,,,577,6841.0,1953.0,933.0
,,,,,,,,578,6546.0,1869.0,893.0
,,,,,,,,579,6427.0,1835.0,876.0
,,,,,,,,580,6427.0,1835.0,876.0
,,,,,,,,581,6632.0,1894.0,904.0
,,,,,,,,582,7306.0,2087.0,996.0
,,,,,,,,583,8374.0,2392.0,1141.0
,,,,,,,,584,9114.0,2603.0,1242.0
,,,,,,,,585,9313.0,2659.0,1270.0
,,,,,,,,586,9396.0,2684.0,1281.0
,,,,,,,,587,9470.0,2704.0,1291.0
,,,,,,,,588,9511.0,2716.0,1297.0
,,,,,,,,589,9475.0,2706.0,1292.0
,,,,,,,,590,9481.0,2708.0,1292.0
,,,,,,,,591,9380.0,2679.0,1279.0
,,,,,,,,592,9301.0,2656.0,1268.0
,,,,,,,,593,9388.0,2681.0,1280.0
,,,,,,,,594,9586.0,2738.0,1307.0
,,,,,,,,595,9647.0,2755.0,1315.0
,,,,,,,,596,9786.0,2795.0,1334.0
,,,,,,,,597,9784.0,2794.0,1334.0
,,,,,,,,598,9146.0,2612.0,1247.0
,,,,,,,,599,8222.0,2348.0,1120.0
,,,,,,,,600,7374.0,2106.0,1005.0
,,,,,,,,601,6808.0,1944.0,928.0
,,,,,,,,602,6500.0,1856.0,886.0
,,,,,,,,603,6337.0,1810.0,863.0
,,,,,,,,604,6299.0,1798.0,858.0
,,,,,,,,605,6456.0,1843.0,880.0
,,,,,,,,606,7064.0,2018.0,963.0
,,,,,,,,607,8119.0,2319.0,1106.0
,,,,,,,,608,8944.0,2555.0,1219.0
,,,,,,,,609,9257.0,2644.0,1262.0
,,,,,,,,610,9407.0,2687.0,1282.0
,,,,,,,,611,9502.0,2714.0,1296.0
,,,,,,,,612,9483.0,2708.0,1292.0
,,,,,,,,613,9385.0,2680.0,1279.0
,,,,,,,,614,9325.0,2663.0,1272.0
,,,,,,,,615,9177.0,2621.0,1251.0
,,,,,,,,616,9030.0,2579.0,1231.0
,,,,,,,,617,8992.0,2568.0,1226.0
,,,,,,,,618,8973.0,2563.0,1223.0
,,,,,,,,619,8944.0,2555.0,1219.0
,,,,,,,,620,9191.0,2625.0,1253.0
,,,,,,,,621,9489.0,2710.0,1293.0
,,,,,,,,622,9078.0,2593.0,1237.0
,,,,,,,,623,8354.0,2386.0,1139.0
,,,,,,,,624,7594.0,2169.0,1035.0
,,,,,,,,625,7027.0,2007.0,958.0
,,,,,,,,626,6707.0,1915.0,914.0
,,,,,,,,627,6558.0,1873.0,894.0
,,,,,,,,628,6503.0,1857.0,886.0
,,,,,,,,629,6590.0,1883.0,899.0
,,,,,,,,630,6823.0,1948.0,930.0
,,,,,,,,631,7156.0,2044.0,975.0
,,,,,,,,632,7814.0,2232.0,1065.0
,,,,,,,,633,8360.0,2388.0,1140.0
,,,,,,,,634,8647.0,2469.0,1179.0
,,,,,,,,635,8695.0,2483.0,1186.0
,,,,,,,,636,8627.0,2464.0,1176.0
,,,,,,,,637,8476.0,2420.0,1156.0
,,,,,,,,638,8298.0,2369.0,1131.0
,,,,,,,,639,8138.0,2324.0,1110.0
,,,,,,,,640,8042.0,2297.0,1096.0
,,,,,,,,641,8087.0,2309.0,1102.0
,,,,,,,,642,8203.0,2343.0,1118.0
,,,,,,,,643,8278.0,2364.0,1129.0
,,,,,,,,644,8497.0,2427.0,1158.0
,,,,,,,,645,8824.0,2520.0,1203.0
,,,,,,,,646,8473.0,2419.0,1155.0
,,,,,,,,647,7862.0,2245.0,1072.0
,,,,,,,,648,7216.0,2061.0,984.0
,,,,,,,,649,6678.0,1908.0,910.0
,,,,,,,,650,6379.0,1822.0,869.0
,,,,,,,,651,6231.0,1779.0,849.0
,,,,,,,,652,6183.0,1766.0,843.0
,,,,,,,,653,6226.0,1778.0,848.0
,,,,,,,,654,6358.0,1816.0,867.0
,,,,,,,,655,6566.0,1875.0,895.0
,,,,,,,,656,7057.0,2015.0,962.0
,,,,,,,,657,7611.0,2174.0,1037.0
,,,,,,,,658,8009.0,2287.0,1092.0
,,,,,,,,659,8176.0,2335.0,1115.0
,,,,,,,,660,8248.0,2355.0,1125.0
,,,,,,,,661,8210.0,2344.0,1119.0
,,,,,,,,662,8101.0,2314.0,1105.0
,,,,,,,,663,7983.0,2280.0,1088.0
,,,,,,,,664,7964.0,2274.0,1085.0
,,,,,,,,665,8083.0,2309.0,1102.0
,,,,,,,,666,8309.0,2373.0,1133.0
,,,,,,,,667,8451.0,2414.0,1152.0
,,,,,,,,668,8721.0,2491.0,1189.0
,,,,,,,,669,9116.0,2604.0,1242.0
,,,,,,,,670,8590.0,2453.0,1171.0
,,,,,,,,671,7786.0,2224.0,1061.0
,,,,,,,,672,7052.0,2014.0,961.0
,,,,,,,,673,6722.0,1920.0,916.0
,,,,,,,,674,6422.0,1834.0,875.0
,,,,,,,,675,6253.0,1786.0,853.0
,,,,,,,,676,6207.0,1773.0,846.0
,,,,,,,,677,6397.0,1827.0,872.0
,,,,,,,,678,6964.0,1989.0,949.0
,,,,,,,,679,8084.0,2309.0,1102.0
,,,,,,,,680,9038.0,2581.0,1232.0
,,,,,,,,681,9453.0,2700.0,1288.0
,,,,,,,,682,9742.0,2782.0,1328.0
,,,,,,,,683,9996.0,2855.0,1363.0
,,,,,,,,684,10147.0,2898.0,1383.0
,,,,,,,,685,10197.0,2912.0,1390.0
,,,,,,,,686,10193.0,2911.0,1389.0
,,,,,,,,687,10112.0,2888.0,1378.0
,,,,,,,,688,10019.0,2861.0,1366.0
,,,,,,,,689,10014.0,2860.0,1365.0
,,,,,,,,690,10042.0,2868.0,1369.0
,,,,,,,,691,9969.0,2847.0,1359.0
,,,,,,,,692,9968.0,2847.0,1359.0
,,,,,,,,693,10030.0,2865.0,1368.0
,,,,,,,,694,9396.0,2683.0,1281.0
,,,,,,,,695,8420.0,2404.0,1148.0
,,,,,,,,696,7506.0,2144.0,1023.0
,,,,,,,,697,6913.0,1974.0,943.0
,,,,,,,,698,6585.0,1881.0,898.0
,,,,,,,,699,6405.0,1829.0,873.0
,,,,,,,,700,6361.0,1817.0,867.0
,,,,,,,,701,6521.0,1863.0,888.0
,,,,,,,,702,7087.0,2024.0,966.0
,,,,,,,,703,8206.0,2344.0,1119.0
,,,,,,,,704,9149.0,2613.0,1247.0
,,,,,,,,705,9570.0,2733.0,1305.0
,,,,,,,,706,9840.0,2810.0,1342.0
,,,,,,,,707,10085.0,2880.0,1375.0
,,,,,,,,708,10191.0,2910.0,1389.0
,,,,,,,,709,10199.0,2913.0,1390.0
,,,,,,,,710,10192.0,2910.0,1389.0
,,,,,,,,711,10065.0,2875.0,1373.0
,,,,,,,,712,9970.0,2848.0,1359.0
,,,,,,,,713,10007.0,2858.0,1364.0
,,,,,,,,714,10087.0,2880.0,1375.0
,,,,,,,,715,10050.0,2870.0,1370.0
,,,,,,,,716,10059.0,2873.0,1372.0
,,,,,,,,717,10046.0,2870.0,1370.0
,,,,,,,,718,9401.0,2684.0,1282.0
,,,,,,,,719,8436.0,2409.0,1150.0
,,,,,,,,720,7545.0,2154.0,1029.0
,,,,,,,,721,6966.0,1989.0,949.0
,,,,,,,,722,6639.0,1896.0,905.0
,,,,,,,,723,6469.0,1848.0,882.0
,,,,,,,,724,6417.0,1833.0,874.0
,,,,,,,,725,6577.0,1878.0,897.0
,,,,,,,,726,7183.0,2052.0,979.0
,,,,,,,,727,8342.0,2383.0,1137.0
,,,,,,,,728,9307.0,2658.0,1269.0
,,,,,,,,729,9736.0,2780.0,1328.0
,,,,,,,,730,9991.0,2854.0,1362.0
,,,,,,,,731,10189.0,2910.0,1389.0
,,,,,,,,732,10281.0,2936.0,1402.0
,,,,,,,,733,10273.0,2934.0,1401.0
,,,,,,,,734,10299.0,2941.0,1404.0
,,,,,,,,735,10290.0,2939.0,1403.0
,,,,,,,,736,10290.0,2939.0,1403.0
,,,,,,,,737,10321.0,2947.0,1407.0
,,,,,,,,738,10304.0,2943.0,1405.0
,,,,,,,,739,10166.0,2903.0,1386.0
,,,,,,,,740,10103.0,2885.0,1378.0
,,,,,,,,741,10329.0,2950.0,1408.0
,,,,,,,,742,9769.0,2790.0,1332.0
,,,,,,,,743,8752.0,2499.0,1193.0
,,,,,,,,744,7763.0,2217.0,1058.0
,,,,,,,,745,7107.0,2029.0,969.0
,,,,,,,,746,6731.0,1923.0,918.0
,,,,,,,,747,6517.0,1862.0,888.0
,,,,,,,,748,6422.0,1834.0,875.0
,,,,,,,,749,6530.0,1865.0,890.0
,,,,,,,,750,6991.0,1997.0,953.0
,,,,,,,,751,8081.0,2308.0,1101.0
,,,,,,,,752,8950.0,2556.0,1220.0
,,,,,,,,753,9308.0,2659.0,1269.0
,,,,,,,,754,9523.0,2720.0,1298.0
,,,,,,,,755,9711.0,2773.0,1324.0
,,,,,,,,756,9803.0,2800.0,1337.0
,,,,,,,,757,9803.0,2800.0,1337.0
,,,,,,,,758,9856.0,2815.0,1343.0
,,,,,,,,759,9815.0,2803.0,1338.0
,,,,,,,,760,9777.0,2792.0,1332.0
,,,,,,,,761,9764.0,2788.0,1331.0
,,,,,,,,762,9705.0,2771.0,1323.0
,,,,,,,,763,9544.0,2725.0,1301.0
,,,,,,,,764,9491.0,2710.0,1294.0
,,,,,,,,765,9784.0,2794.0,1333.0
,,,,,,,,766,9346.0,2669.0,1274.0
,,,,,,,,767,8373.0,2391.0,1141.0
,,,,,,,,768,7445.0,2126.0,1014.0
,,,,,,,,769,6823.0,1948.0,930.0
,,,,,,,,770,6458.0,1844.0,880.0
,,,,,,,,771,6273.0,1792.0,855.0
,,,,,,,,772,6210.0,1773.0,847.0
,,,,,,,,773,6366.0,1818.0,868.0
,,,,,,,,774,6839.0,1953.0,933.0
,,,,,,,,775,7937.0,2267.0,1082.0
,,,,,,,,776,8856.0,2529.0,1207.0
,,,,,,,,777,9259.0,2645.0,1262.0
,,,,,,,,778,9511.0,2716.0,1297.0
,,,,,,,,779,9709.0,2773.0,1323.0
,,,,,,,,780,9799.0,2798.0,1336.0
,,,,,,,,781,9788.0,2795.0,1334.0
,,,,,,,,782,9809.0,2801.0,1338.0
,,,,,,,,783,9735.0,2780.0,1327.0
,,,,,,,,784,9659.0,2759.0,1317.0
,,,,,,,,785,9582.0,2736.0,1307.0
,,,,,,,,786,9438.0,2695.0,1287.0
,,,,,,,,787,9215.0,2632.0,1257.0
,,,,,,,,788,9085.0,2594.0,1238.0
,,,,,,,,789,9319.0,2661.0,1271.0
,,,,,,,,790,9005.0,2572.0,1227.0
,,,,,,,,791,8232.0,2351.0,1122.0
,,,,,,,,792,7388.0,2109.0,1007.0
,,,,,,,,793,6759.0,1930.0,921.0
,,,,,,,,794,6396.0,1827.0,872.0
,,,,,,,,795,6180.0,1765.0,843.0
,,,,,,,,796,6066.0,1733.0,827.0
,,,,,,,,797,6104.0,1743.0,832.0
,,,,,,,,798,6184.0,1766.0,843.0
,,,,,,,,799,6602.0,1886.0,900.0
,,,,,,,,800,7307.0,2087.0,996.0
,,,,,,,,801,8035.0,2294.0,1095.0
,,,,,,,,802,8490.0,2424.0,1157.0
,,,,,,,,803,8717.0,2490.0,1188.0
,,,,,,,,804,8825.0,2520.0,1203.0
,,,,,,,,805,8821.0,2519.0,1202.0
,,,,,,,,806,8766.0,2504.0,1195.0
,,,,,,,,807,8740.0,2496.0,1191.0
,,,,,,,,808,8784.0,2509.0,1197.0
,,,,,,,,809,8882.0,2537.0,1211.0
,,,,,,,,810,8968.0,2561.0,1222.0
,,,,,,,,811,8918.0,2547.0,1216.0
,,,,,,,,812,8804.0,2514.0,1201.0
,,,,,,,,813,9029.0,2579.0,1231.0
,,,,,,,,814,8785.0,2509.0,1198.0
,,,,,,,,815,8100.0,2314.0,1105.0
,,,,,,,,816,7349.0,2099.0,1002.0
,,,,,,,,817,6750.0,1928.0,920.0
,,,,,,,,818,6363.0,1817.0,868.0
,,,,,,,,819,6119.0,1748.0,834.0
,,,,,,,,820,6015.0,1718.0,820.0
,,,,,,,,821,6006.0,1715.0,818.0
,,,,,,,,822,5990.0,1711.0,817.0
,,,,,,,,823,6238.0,1782.0,850.0
,,,,,,,,824,6845.0,1955.0,933.0
,,,,,,,,825,7587.0,2167.0,1035.0
,,,,,,,,826,8173.0,2334.0,1114.0
,,,,,,,,827,8532.0,2437.0,1163.0
,,,,,,,,828,8769.0,2504.0,1196.0
,,,,,,,,829,8891.0,2539.0,1212.0
,,,,,,,,830,8908.0,2545.0,1215.0
,,,,,,,,831,8925.0,2549.0,1216.0
,,,,,,,,832,8985.0,2566.0,1225.0
,,,,,,,,833,9106.0,2600.0,1242.0
,,,,,,,,834,9227.0,2635.0,1258.0
,,,,,,,,835,9221.0,2634.0,1257.0
,,,,,,,,836,9174.0,2620.0,1251.0
,,,,,,,,837,9466.0,2704.0,1291.0
,,,,,,,,838,9057.0,2587.0,1235.0
,,,,,,,,839,8153.0,2329.0,1111.0
,,,,,,,,840,7303.0,2085.0,995.0
,,,,,,,,841,6746.0,1927.0,919.0
,,,,,,,,842,6421.0,1833.0,875.0
,,,,,,,,843,6255.0,1787.0,853.0
,,,,,,,,844,6227.0,1778.0,848.0
,,,,,,,,845,6396.0,1827.0,872.0
,,,,,,,,846,6927.0,1979.0,944.0
,,,,,,,,847,8049.0,2299.0,1097.0
,,,,,,,,848,9007.0,2573.0,1228.0
,,,,,,,,849,9428.0,2693.0,1285.0
,,,,,,,,850,9693.0,2768.0,1322.0
,,,,,,,,851,9911.0,2830.0,1351.0
,,,,,,,,852,9980.0,2850.0,1361.0
,,,,,,,,853,9959.0,2845.0,1358.0
,,,,,,,,854,9926.0,2835.0,1353.0
,,,,,,,,855,9821.0,2805.0,1338.0
,,,,,,,,856,9755.0,2786.0,1330.0
,,,,,,,,857,9811.0,2802.0,1338.0
,,,,,,,,858,9911.0,2830.0,1351.0
,,,,,,,,859,9827.0,2806.0,1340.0
,,,,,,,,860,9711.0,2773.0,1324.0
,,,,,,,,861,9731.0,2779.0,1327.0
,,,,,,,,862,9244.0,2640.0,1260.0
,,,,,,,,863,8303.0,2371.0,1132.0
,,,,,,,,864,7418.0,2119.0,1011.0
,,,,,,,,865,6844.0,1954.0,933.0
,,,,,,,,866,6534.0,1866.0,891.0
,,,,,,,,867,6378.0,1822.0,869.0
,,,,,,,,868,6333.0,1808.0,863.0
,,,,,,,,869,6488.0,1853.0,884.0
,,,,,,,,870,6987.0,1995.0,953.0
,,,,,,,,871,8113.0,2317.0,1106.0
,,,,,,,,872,9049.0,2584.0,1234.0
,,,,,,,,873,9424.0,2691.0,1285.0
,,,,,,,,874,9630.0,2750.0,1312.0
,,,,,,,,875,9800.0,2799.0,1336.0
,,,,,,,,876,9889.0,2825.0,1348.0
,,,,,,,,877,9869.0,2819.0,1346.0
,,,,,,,,878,9871.0,2819.0,1346.0
,,,,,,,,879,9766.0,2789.0,1332.0
,,,,,,,,880,9705.0,2772.0,1323.0
,,,,,,,,881,9733.0,2780.0,1327.0
,,,,,,,,882,9753.0,2785.0,1329.0
,,,,,,,,883,9648.0,2755.0,1315.0
,,,,,,,,884,9616.0,2746.0,1311.0
,,,,,,,,885,9718.0,2775.0,1325.0
,,,,,,,,886,9355.0,2671.0,1275.0
,,,,,,,,887,8421.0,2404.0,1148.0
,,,,,,,,888,7534.0,2151.0,1027.0
,,,,,,,,889,6889.0,1968.0,939.0
,,,,,,,,890,6548.0,1870.0,893.0
,,,,,,,,891,6385.0,1823.0,870.0
,,,,,,,,892,6319.0,1804.0,861.0
,,,,,,,,893,6487.0,1853.0,884.0
,,,,,,,,894,6964.0,1989.0,949.0
,,,,,,,,895,8085.0,2309.0,1102.0
,,,,,,,,896,9023.0,2577.0,1230.0
,,,,,,,,897,9407.0,2687.0,1282.0
,,,,,,,,898,9631.0,2750.0,1313.0
,,,,,,,,899,9846.0,2812.0,1343.0
,,,,,,,,900,9951.0,2842.0,1357.0
,,,,,,,,901,9975.0,2849.0,1360.0
,,,,,,,,902,10011.0,2859.0,1365.0
,,,,,,,,903,9938.0,2839.0,1355.0
,,,,,,,,904,9877.0,2820.0,1347.0
,,,,,,,,905,9875.0,2820.0,1346.0
,,,,,,,,906,9838.0,2810.0,1341.0
,,,,,,,,907,9666.0,2760.0,1318.0
,,,,,,,,908,9588.0,2739.0,1308.0
,,,,,,,,909,9776.0,2792.0,1332.0
,,,,,,,,910,9437.0,2695.0,1287.0
,,,,,,,,911,8459.0,2415.0,1153.0
,,,,,,,,912,7534.0,2151.0,1027.0
,,,,,,,,913,6931.0,1979.0,944.0
,,,,,,,,914,6579.0,1878.0,897.0
,,,,,,,,915,6401.0,1828.0,873.0
,,,,,,,,916,6353.0,1814.0,866.0
,,,,,,,,917,6509.0,1859.0,888.0
,,,,,,,,918,6989.0,1996.0,953.0
,,,,,,,,919,8097.0,2313.0,1104.0
,,,,,,,,920,8997.0,2569.0,1226.0
,,,,,,,,921,9416.0,2690.0,1284.0
,,,,,,,,922,9764.0,2789.0,1331.0
,,,,,,,,923,10059.0,2873.0,1372.0
,,,,,,,,924,10252.0,2928.0,1398.0
,,,,,,,,925,10275.0,2935.0,1401.0
,,,,,,,,926,10343.0,2954.0,1410.0
,,,,,,,,927,10274.0,2935.0,1401.0
,,,,,,,,928,10226.0,2920.0,1394.0
,,,,,,,,929,10198.0,2913.0,1390.0
,,,,,,,,930,10114.0,2889.0,1379.0
,,,,,,,,931,9906.0,2829.0,1351.0
,,,,,,,,932,9797.0,2798.0,1336.0
,,,,,,,,933,9960.0,2845.0,1358.0
,,,,,,,,934,9627.0,2749.0,1312.0
,,,,,,,,935,8675.0,2477.0,1182.0
,,,,,,,,936,7722.0,2205.0,1053.0
,,,,,,,,937,7059.0,2016.0,962.0
,,,,,,,,938,6713.0,1917.0,915.0
,,,,,,,,939,6507.0,1858.0,887.0
,,,,,,,,940,6415.0,1832.0,874.0
,,,,,,,,941,6563.0,1874.0,894.0
,,,,,,,,942,7002.0,2000.0,954.0
,,,,,,,,943,8092.0,2311.0,1103.0
,,,,,,,,944,9077.0,2593.0,1237.0
,,,,,,,,945,9583.0,2737.0,1307.0
,,,,,,,,946,9973.0,2849.0,1360.0
,,,,,,,,947,10328.0,2950.0,1408.0
,,,,,,,,948,10548.0,3012.0,1438.0
,,,,,,,,949,10634.0,3037.0,1449.0
,,,,,,,,950,10768.0,3075.0,1468.0
,,,,,,,,951,10765.0,3075.0,1468.0
,,,,,,,,952,10683.0,3051.0,1456.0
,,,,,,,,953,10612.0,3030.0,1447.0
,,,,,,,,954,10425.0,2977.0,1421.0
,,,,,,,,955,10117.0,2890.0,1379.0
,,,,,,,,956,9920.0,2833.0,1353.0
,,,,,,,,957,10006.0,2858.0,1364.0
,,,,,,,,958,9724.0,2777.0,1326.0
,,,,,,,,959,8901.0,2542.0,1213.0
,,,,,,,,960,8015.0,2289.0,1093.0
,,,,,,,,961,7335.0,2094.0,999.0
,,,,,,,,962,6895.0,1969.0,940.0
,,,,,,,,963,6651.0,1899.0,907.0
,,,,,,,,964,6488.0,1853.0,884.0
,,,,,,,,965,6458.0,1844.0,880.0
,,,,,,,,966,6490.0,1853.0,884.0
,,,,,,,,967,6934.0,1980.0,945.0
,,,,,,,,968,7688.0,2196.0,1048.0
,,,,,,,,969,8479.0,2421.0,1156.0
,,,,,,,,970,8989.0,2567.0,1226.0
,,,,,,,,971,9274.0,2649.0,1264.0
,,,,,,,,972,9392.0,2682.0,1281.0
,,,,,,,,973,9400.0,2684.0,1282.0
,,,,,,,,974,9334.0,2665.0,1272.0
,,,,,,,,975,9274.0,2649.0,1264.0
,,,,,,,,976,9287.0,2652.0,1266.0
,,,,,,,,977,9386.0,2680.0,1280.0
,,,,,,,,978,9457.0,2701.0,1289.0
,,,,,,,,979,9390.0,2682.0,1280.0
,,,,,,,,980,9284.0,2651.0,1266.0
,,,,,,,,981,9418.0,2690.0,1284.0
,,,,,,,,982,9336.0,2666.0,1272.0
,,,,,,,,983,8687.0,2481.0,1184.0
,,,,,,,,984,7911.0,2259.0,1079.0
,,,,,,,,985,7236.0,2066.0,986.0
,,,,,,,,986,6813.0,1946.0,929.0
,,,,,,,,987,6550.0,1871.0,893.0
,,,,,,,,988,6399.0,1828.0,873.0
,,,,,,,,989,6329.0,1808.0,863.0
,,,,,,,,990,6265.0,1789.0,854.0
,,,,,,,,991,6550.0,1871.0,893.0
,,,,,,,,992,7214.0,2060.0,984.0
,,,,,,,,993,8035.0,2295.0,1095.0
,,,,,,,,994,8723.0,2492.0,1189.0
,,,,,,,,995,9191.0,2625.0,1253.0
,,,,,,,,996,9500.0,2713.0,1295.0
,,,,,,,,997,9687.0,2766.0,1321.0
,,,,,,,,998,9738.0,2781.0,1328.0
,,,,,,,,999,9772.0,2791.0,1332.0
,,,,,,,,1000,9840.0,2810.0,1342.0
,,,,,,,,1001,9972.0,2849.0,1359.0
,,,,,,,,1002,10065.0,2875.0,1372.0
,,,,,,,,1003,10001.0,2856.0,1363.0
,,,,,,,,1004,9860.0,2816.0,1344.0
,,,,,,,,1005,9938.0,2839.0,1355.0
,,,,,,,,1006,9712.0,2774.0,1324.0
,,,,,,,,1007,8783.0,2509.0,1197.0
,,,,,,,,1008,7852.0,2243.0,1070.0
,,,,,,,,1009,9966.0,2846.0,1358.0
,,,,,,,,1010,9488.0,2710.0,1293.0
,,,,,,,,1011,9182.0,2622.0,1252.0
,,,,,,,,1012,9021.0,2576.0,1230.0
,,,,,,,,1013,9083.0,2594.0,1238.0
,,,,,,,,1014,9497.0,2712.0,1295.0
,,,,,,,,1015,10491.0,2996.0,1430.0
,,,,,,,,1016,11808.0,3372.0,1610.0
,,,,,,,,1017,12831.0,3665.0,1749.0
,,,,,,,,1018,13653.0,3899.0,1862.0
,,,,,,,,1019,14376.0,4106.0,1960.0
,,,,,,,,1020,14958.0,4272.0,2040.0
,,,,,,,,1021,15407.0,4400.0,2100.0
,,,,,,,,1022,15793.0,4511.0,2153.0
,,,,,,,,1023,15875.0,4534.0,2165.0
,,,,,,,,1024,15907.0,4543.0,2169.0
,,,,,,,,1025,15877.0,4534.0,2165.0
,,,,,,,,1026,15759.0,4501.0,2149.0
,,,,,,,,1027,15392.0,4396.0,2099.0
,,,,,,,,1028,14909.0,4258.0,2033.0
,,,,,,,,1029,14720.0,4204.0,2007.0
,,,,,,,,1030,14135.0,4037.0,1927.0
,,,,,,,,1031,12785.0,3651.0,1743.0
,,,,,,,,1032,11449.0,3270.0,1561.0
,,,,,,,,1033,10503.0,3000.0,1432.0
,,,,,,,,1034,9889.0,2825.0,1348.0
,,,,,,,,1035,9493.0,2711.0,1294.0
,,,,,,,,1036,9245.0,2640.0,1261.0
,,,,,,,,1037,9268.0,2647.0,1263.0
,,,,,,,,1038,9643.0,2754.0,1315.0
,,,,,,,,1039,10684.0,3051.0,1457.0
,,,,,,,,1040,12036.0,3437.0,1641.0
,,,,,,,,1041,13120.0,3747.0,1789.0
,,,,,,,,1042,14080.0,4021.0,1919.0
,,,,,,,,1043,14910.0,4258.0,2033.0
,,,,,,,,1044,15478.0,4421.0,2110.0
,,,,,,,,1045,15870.0,4533.0,2164.0
,,,,,,,,1046,16225.0,4633.0,2212.0
,,,,,,,,1047,16448.0,4698.0,2242.0
,,,,,,,,1048,16617.0,4746.0,2266.0
,,,,,,,,1049,16717.0,4774.0,2279.0
,,,,,,,,1050,16579.0,4735.0,2261.0
,,,,,,,,1051,16199.0,4626.0,2209.0
,,,,,,,,1052,15701.0,4484.0,2140.0
,,,,,,,,1053,15416.0,4403.0,2102.0
,,,,,,,,1054,14854.0,4243.0,2025.0
,,,,,,,,1055,13581.0,3878.0,1852.0
,,,,,,,,1056,12317.0,3518.0,1679.0
,,,,,,,,1057,11428.0,3264.0,1558.0
,,,,,,,,1058,10876.0,3106.0,1483.0
,,,,,,,,1059,10527.0,3006.0,1435.0
,,,,,,,,1060,10316.0,2946.0,1407.0
,,,,,,,,1061,10305.0,2943.0,1405.0
,,,,,,,,1062,10666.0,3046.0,1454.0
,,,,,,,,1063,11610.0,3316.0,1583.0
,,,,,,,,1064,12998.0,3712.0,1772.0
,,,,,,,,1065,13972.0,3990.0,1905.0
,,,,,,,,1066,14756.0,4214.0,2012.0
,,,,,,,,1067,15564.0,4445.0,2122.0
,,,,,,,,1068,16180.0,4621.0,2206.0
,,,,,,,,1069,16567.0,4732.0,2259.0
,,,,,,,,1070,16579.0,4735.0,2261.0
,,,,,,,,1071,16191.0,4624.0,2207.0
,,,,,,,,1072,15434.0,4408.0,2105.0
,,,,,,,,1073,14862.0,4244.0,2026.0
,,,,,,,,1074,14616.0,4174.0,1993.0
,,,,,,,,1075,14244.0,4068.0,1942.0
,,,,,,,,1076,13888.0,3967.0,1893.0
,,,,,,,,1077,13782.0,3937.0,1879.0
,,,,,,,,1078,13334.0,3808.0,1818.0
,,,,,,,,1079,12202.0,3485.0,1664.0
,,,,,,,,1080,11020.0,3147.0,1503.0
,,,,,,,,1081,10113.0,2888.0,1378.0
,,,,,,,,1082,9460.0,2702.0,1290.0
,,,,,,,,1083,9045.0,2583.0,1233.0
,,,,,,,,1084,8791.0,2511.0,1198.0
,,,,,,,,1085,8777.0,2506.0,1196.0
,,,,,,,,1086,9086.0,2595.0,1239.0
,,,,,,,,1087,9840.0,2810.0,1342.0
,,,,,,,,1088,10757.0,3072.0,1467.0
,,,,,,,,1089,11290.0,3225.0,1540.0
,,,,,,,,1090,11661.0,3331.0,1590.0
,,,,,,,,1091,12023.0,3434.0,1639.0
,,,,,,,,1092,12273.0,3506.0,1673.0
,,,,,,,,1093,12425.0,3549.0,1694.0
,,,,,,,,1094,12644.0,3611.0,1724.0
,,,,,,,,1095,12722.0,3633.0,1735.0
,,,,,,,,1096,12820.0,3661.0,1748.0
,,,,,,,,1097,12921.0,3690.0,1762.0
,,,,,,,,1098,12885.0,3680.0,1757.0
,,,,,,,,1099,12514.0,3574.0,1707.0
,,,,,,,,1100,12068.0,3446.0,1645.0
,,,,,,,,1101,11994.0,3426.0,1635.0
,,,,,,,,1102,11578.0,3306.0,1579.0
,,,,,,,,1103,10569.0,3018.0,1441.0
,,,,,,,,1104,9506.0,2715.0,1296.0
,,,,,,,,1105,8709.0,2488.0,1187.0
,,,,,,,,1106,8246.0,2355.0,1124.0
,,,,,,,,1107,7952.0,2271.0,1084.0
,,,,,,,,1108,7819.0,2233.0,1066.0
,,,,,,,,1109,7898.0,2256.0,1077.0
,,,,,,,,1110,8298.0,2369.0,1131.0
,,,,,,,,1111,9095.0,2598.0,1240.0
,,,,,,,,1112,10038.0,2867.0,1368.0
,,,,,,,,1113,10658.0,3044.0,1453.0
,,,,,,,,1114,10981.0,3136.0,1497.0
,,,,,,,,1115,11194.0,3197.0,1526.0
,,,,,,,,1116,11231.0,3207.0,1531.0
,,,,,,,,1117,11176.0,3192.0,1524.0
,,,,,,,,1118,11164.0,3189.0,1522.0
,,,,,,,,1119,11055.0,3157.0,1507.0
,,,,,,,,1120,10895.0,3111.0,1485.0
,,,,,,,,1121,10808.0,3086.0,1474.0
,,,,,,,,1122,10694.0,3054.0,1458.0
,,,,,,,,1123,10434.0,2980.0,1423.0
,,,,,,,,1124,10219.0,2919.0,1393.0
,,,,,,,,1125,10306.0,2944.0,1405.0
,,,,,,,,1126,10050.0,2870.0,1370.0
,,,,,,,,1127,9270.0,2648.0,1264.0
,,,,,,,,1128,8395.0,2398.0,1145.0
,,,,,,,,1129,7709.0,2202.0,1051.0
,,,,,,,,1130,7263.0,2074.0,990.0
,,,,,,,,1131,6990.0,1996.0,953.0
,,,,,,,,1132,6839.0,1953.0,933.0
,,,,,,,,1133,6817.0,1947.0,929.0
,,,,,,,,1134,6868.0,1962.0,936.0
,,,,,,,,1135,7216.0,2061.0,984.0
,,,,,,,,1136,7939.0,2268.0,1082.0
,,,,,,,,1137,8804.0,2514.0,1200.0
,,,,,,,,1138,9461.0,2702.0,1290.0
,,,,,,,,1139,9878.0,2821.0,1347.0
,,,,,,,,1140,10121.0,2890.0,1380.0
,,,,,,,,1141,10244.0,2925.0,1397.0
,,,,,,,,1142,10305.0,2943.0,1405.0
,,,,,,,,1143,10361.0,2960.0,1413.0
,,,,,,,,1144,10448.0,2984.0,1424.0
,,,,,,,,1145,10582.0,3022.0,1443.0
,,,,,,,,1146,10647.0,3040.0,1452.0
,,,,,,,,1147,10513.0,3002.0,1434.0
,,,,,,,,1148,10187.0,2910.0,1389.0
,,,,,,,,1149,10152.0,2900.0,1384.0
,,,,,,,,1150,9931.0,2836.0,1354.0
,,,,,,,,1151,9213.0,2631.0,1256.0
,,,,,,,,1152,8419.0,2404.0,1147.0
,,,,,,,,1153,7742.0,2211.0,1055.0
,,,,,,,,1154,7307.0,2087.0,996.0
,,,,,,,,1155,7033.0,2008.0,959.0
,,,,,,,,1156,6863.0,1960.0,935.0
,,,,,,,,1157,6795.0,1941.0,926.0
,,,,,,,,1158,6728.0,1922.0,917.0
,,,,,,,,1159,6934.0,1980.0,945.0
,,,,,,,,1160,7554.0,2158.0,1030.0
,,,,,,,,1161,8403.0,2400.0,1146.0
,,,,,,,,1162,9173.0,2620.0,1251.0
,,,,,,,,1163,9807.0,2800.0,1337.0
,,,,,,,,1164,10319.0,2947.0,1407.0
,,,,,,,,1165,10683.0,3051.0,1456.0
,,,,,,,,1166,10892.0,3111.0,1485.0
,,,,,,,,1167,11086.0,3166.0,1511.0
,,,,,,,,1168,11282.0,3222.0,1538.0
,,,,,,,,1169,11542.0,3296.0,1574.0
,,,,,,,,1170,11705.0,3343.0,1595.0
,,,,,,,,1171,11579.0,3307.0,1579.0
,,,,,,,,1172,11269.0,3219.0,1536.0
,,,,,,,,1173,11276.0,3221.0,1537.0
,,,,,,,,1174,10993.0,3140.0,1499.0
,,,,,,,,1175,10136.0,2895.0,1382.0
,,,,,,,,1176,9204.0,2629.0,1255.0
,,,,,,,,1177,7551.0,2156.0,1030.0
,,,,,,,,1178,7196.0,2055.0,981.0
,,,,,,,,1179,6987.0,1995.0,953.0
,,,,,,,,1180,6915.0,1975.0,943.0
,,,,,,,,1181,7055.0,2015.0,962.0
,,,,,,,,1182,7532.0,2151.0,1027.0
,,,,,,,,1183,8326.0,2378.0,1135.0
,,,,,,,,1184,9238.0,2639.0,1259.0
,,,,,,,,1185,9968.0,2847.0,1359.0
,,,,,,,,1186,10584.0,3023.0,1443.0
,,,,,,,,1187,11101.0,3170.0,1514.0
,,,,,,,,1188,11465.0,3274.0,1563.0
,,,,,,,,1189,11684.0,3337.0,1593.0
,,,,,,,,1190,11845.0,3383.0,1615.0
,,,,,,,,1191,11878.0,3392.0,1620.0
,,,,,,,,1192,11856.0,3386.0,1616.0
,,,,,,,,1193,11874.0,3391.0,1619.0
,,,,,,,,1194,11835.0,3380.0,1614.0
,,,,,,,,1195,11522.0,3291.0,1571.0
,,,,,,,,1196,11361.0,3245.0,1549.0
,,,,,,,,1197,11462.0,3273.0,1563.0
,,,,,,,,1198,10755.0,3071.0,1466.0
,,,,,,,,1199,9727.0,2778.0,1326.0
,,,,,,,,1200,8750.0,2499.0,1193.0
,,,,,,,,1201,8051.0,2299.0,1098.0
,,,,,,,,1202,7659.0,2188.0,1044.0
,,,,,,,,1203,7406.0,2115.0,1010.0
,,,,,,,,1204,7306.0,2086.0,996.0
,,,,,,,,1205,7445.0,2126.0,1014.0
,,,,,,,,1206,7989.0,2282.0,1089.0
,,,,,,,,1207,8862.0,2531.0,1208.0
,,,,,,,,1208,9775.0,2792.0,1332.0
,,,,,,,,1209,10469.0,2990.0,1428.0
,,,,,,,,1210,11051.0,3156.0,1507.0
,,,,,,,,1211,11567.0,3303.0,1577.0
,,,,,,,,1212,11911.0,3401.0,1624.0
,,,,,,,,1213,12144.0,3468.0,1656.0
,,,,,,,,1214,12378.0,3536.0,1688.0
,,,,,,,,1215,12505.0,3571.0,1705.0
,,,,,,,,1216,12545.0,3583.0,1711.0
,,,,,,,,1217,12547.0,3583.0,1711.0
,,,,,,,,1218,12342.0,3525.0,1683.0
,,,,,,,,1219,11929.0,3406.0,1626.0
,,,,,,,,1220,11695.0,3340.0,1595.0
,,,,,,,,1221,11749.0,3356.0,1602.0
,,,,,,,,1222,11022.0,3148.0,1503.0
,,,,,,,,1223,9937.0,2838.0,1355.0
,,,,,,,,1224,8909.0,2545.0,1215.0
,,,,,,,,1225,8173.0,2334.0,1114.0
,,,,,,,,1226,7720.0,2204.0,1052.0
,,,,,,,,1227,7431.0,2122.0,1013.0
,,,,,,,,1228,7280.0,2079.0,993.0
,,,,,,,,1229,7365.0,2103.0,1004.0
,,,,,,,,1230,7847.0,2241.0,1070.0
,,,,,,,,1231,8598.0,2455.0,1172.0
,,,,,,,,1232,9591.0,2740.0,1308.0
,,,,,,,,1233,10349.0,2955.0,1411.0
,,,,,,,,1234,10998.0,3141.0,1499.0
,,,,,,,,1235,11566.0,3303.0,1577.0
,,,,,,,,1236,11972.0,3419.0,1632.0
,,,,,,,,1237,12218.0,3490.0,1666.0
,,,,,,,,1238,12483.0,3565.0,1701.0
,,,,,,,,1239,12644.0,3612.0,1724.0
,,,,,,,,1240,12688.0,3624.0,1730.0
,,,,,,,,1241,12716.0,3631.0,1734.0
,,,,,,,,1242,12561.0,3587.0,1712.0
,,,,,,,,1243,12173.0,3476.0,1660.0
,,,,,,,,1244,11900.0,3399.0,1622.0
,,,,,,,,1245,11963.0,3416.0,1631.0
,,,,,,,,1246,11249.0,3213.0,1534.0
,,,,,,,,1247,10154.0,2900.0,1384.0
,,,,,,,,1248,9124.0,2606.0,1244.0
,,,,,,,,1249,8372.0,2391.0,1141.0
,,,,,,,,1250,7903.0,2257.0,1077.0
,,,,,,,,1251,7589.0,2167.0,1035.0
,,,,,,,,1252,7467.0,2133.0,1018.0
,,,,,,,,1253,7548.0,2155.0,1029.0
,,,,,,,,1254,8066.0,2304.0,1100.0
,,,,,,,,1255,8853.0,2529.0,1206.0
,,,,,,,,1256,9886.0,2824.0,1348.0
,,,,,,,,1257,10738.0,3067.0,1464.0
,,,,,,,,1258,11425.0,3263.0,1558.0
,,,,,,,,1259,12013.0,3431.0,1638.0
,,,,,,,,1260,12485.0,3566.0,1702.0
,,,,,,,,1261,12852.0,3671.0,1752.0
,,,,,,,,1262,13219.0,3776.0,1803.0
,,,,,,,,1263,13393.0,3825.0,1826.0
,,,,,,,,1264,13476.0,3849.0,1837.0
,,,,,,,,1265,13499.0,3856.0,1841.0
,,,,,,,,1266,13344.0,3811.0,1819.0
,,,,,,,,1267,12938.0,3695.0,1764.0
,,,,,,,,1268,12645.0,3612.0,1724.0
,,,,,,,,1269,12667.0,3617.0,1727.0
,,,,,,,,1270,11923.0,3405.0,1625.0
,,,,,,,,1271,10795.0,3083.0,1472.0
,,,,,,,,1272,9707.0,2772.0,1323.0
,,,,,,,,1273,8924.0,2549.0,1216.0
,,,,,,,,1274,8391.0,2396.0,1144.0
,,,,,,,,1275,8047.0,2298.0,1097.0
,,,,,,,,1276,7863.0,2246.0,1072.0
,,,,,,,,1277,7926.0,2264.0,1080.0
,,,,,,,,1278,8389.0,2396.0,1144.0
,,,,,,,,1279,9131.0,2608.0,1245.0
,,,,,,,,1280,10105.0,2886.0,1378.0
,,,,,,,,1281,10944.0,3126.0,1492.0
,,,,,,,,1282,11657.0,3329.0,1590.0
,,,,,,,,1283,12300.0,3513.0,1677.0
,,,,,,,,1284,12775.0,3648.0,1741.0
,,,,,,,,1285,13085.0,3737.0,1784.0
,,,,,,,,1286,13387.0,3823.0,1825.0
,,,,,,,,1287,13514.0,3860.0,1843.0
,,,,,,,,1288,13481.0,3851.0,1838.0
,,,,,,,,1289,13421.0,3833.0,1830.0
,,,,,,,,1290,13153.0,3757.0,1793.0
,,,,,,,,1291,12657.0,3615.0,1726.0
,,,,,,,,1292,12393.0,3540.0,1690.0
,,,,,,,,1293,12326.0,3521.0,1681.0
,,,,,,,,1294,11637.0,3323.0,1586.0
,,,,,,,,1295,10661.0,3045.0,1454.0
,,,,,,,,1296,9649.0,2755.0,1315.0
,,,,,,,,1297,8831.0,2522.0,1204.0
,,,,,,,,1298,8319.0,2376.0,1134.0
,,,,,,,,1299,7971.0,2277.0,1086.0
,,,,,,,,1300,7771.0,2219.0,1060.0
,,,,,,,,1301,7740.0,2210.0,1055.0
,,,,,,,,1302,7903.0,2257.0,1077.0
,,,,,,,,1303,8195.0,2340.0,1117.0
,,,,,,,,1304,8851.0,2528.0,1206.0
,,,,,,,,1305,9711.0,2773.0,1324.0
,,,,,,,,1306,10476.0,2992.0,1428.0
,,,,,,,,1307,11040.0,3153.0,1505.0
,,,,,,,,1308,11402.0,3256.0,1555.0
,,,,,,,,1309,11628.0,3321.0,1585.0
,,,,,,,,1310,11767.0,3361.0,1604.0
,,,,,,,,1311,11836.0,3381.0,1614.0
,,,,,,,,1312,11812.0,3373.0,1611.0
,,,,,,,,1313,11747.0,3355.0,1601.0
,,,,,,,,1314,11578.0,3306.0,1579.0
,,,,,,,,1315,11236.0,3209.0,1532.0
,,,,,,,,1316,11082.0,3166.0,1511.0
,,,,,,,,1317,11053.0,3157.0,1507.0
,,,,,,,,1318,10498.0,2998.0,1431.0
,,,,,,,,1319,9703.0,2771.0,1322.0
,,,,,,,,1320,8853.0,2529.0,1206.0
,,,,,,,,1321,8179.0,2336.0,1115.0
,,,,,,,,1322,7700.0,2199.0,1050.0
,,,,,,,,1323,7398.0,2113.0,1009.0
,,,,,,,,1324,7203.0,2057.0,982.0
,,,,,,,,1325,7142.0,2039.0,974.0
,,,,,,,,1326,7214.0,2060.0,984.0
,,,,,,,,1327,7301.0,2085.0,995.0
,,,,,,,,1328,7843.0,2240.0,1070.0
,,,,,,,,1329,8673.0,2477.0,1182.0
,,,,,,,,1330,9447.0,2698.0,1288.0
,,,,,,,,1331,10041.0,2868.0,1369.0
,,,,,,,,1332,10502.0,3000.0,1432.0
,,,,,,,,1333,10865.0,3103.0,1481.0
,,,,,,,,1334,11064.0,3160.0,1509.0
,,,,,,,,1335,11245.0,3212.0,1533.0
,,,,,,,,1336,11428.0,3264.0,1558.0
,,,,,,,,1337,11611.0,3316.0,1583.0
,,,,,,,,1338,11704.0,3342.0,1595.0
,,,,,,,,1339,11491.0,3281.0,1566.0
,,,,,,,,1340,11357.0,3244.0,1549.0
,,,,,,,,1341,11389.0,3253.0,1553.0
,,,,,,,,1342,10685.0,3051.0,1457.0
,,,,,,,,1343,9703.0,2771.0,1322.0
,,,,,,,,1344,8820.0,2519.0,1202.0
,,,,,,,,1345,6683.0,1908.0,911.0
,,,,,,,,1346,6430.0,1836.0,877.0
,,,,,,,,1347,6310.0,1802.0,860.0
,,,,,,,,1348,6315.0,1803.0,861.0
,,,,,,,,1349,6511.0,1859.0,888.0
,,,,,,,,1350,7110.0,2030.0,969.0
,,,,,,,,1351,8009.0,2288.0,1092.0
,,,,,,,,1352,8719.0,2490.0,1189.0
,,,,,,,,1353,9184.0,2623.0,1252.0
,,,,,,,,1354,9447.0,2698.0,1288.0
,,,,,,,,1355,9603.0,2742.0,1309.0
,,,,,,,,1356,9638.0,2753.0,1314.0
,,,,,,,,1357,9594.0,2740.0,1308.0
,,,,,,,,1358,9550.0,2727.0,1302.0
,,,,,,,,1359,9478.0,2707.0,1292.0
,,,,,,,,1360,9487.0,2710.0,1293.0
,,,,,,,,1361,10163.0,2903.0,1386.0
,,,,,,,,1362,10878.0,3106.0,1483.0
,,,,,,,,1363,10702.0,3056.0,1459.0
,,,,,,,,1364,10322.0,2948.0,1407.0
,,,,,,,,1365,9805.0,2800.0,1337.0
,,,,,,,,1366,9036.0,2580.0,1232.0
,,,,,,,,1367,8126.0,2321.0,1108.0
,,,,,,,,1368,7360.0,2102.0,1004.0
,,,,,,,,1369,6825.0,1949.0,930.0
,,,,,,,,1370,6525.0,1863.0,889.0
,,,,,,,,1371,6366.0,1818.0,868.0
,,,,,,,,1372,6353.0,1814.0,866.0
,,,,,,,,1373,6544.0,1868.0,892.0
,,,,,,,,1374,7251.0,2071.0,989.0
,,,,,,,,1375,8516.0,2432.0,1161.0
,,,,,,,,1376,9268.0,2647.0,1263.0
,,,,,,,,1377,9477.0,2706.0,1292.0
,,,,,,,,1378,9630.0,2750.0,1312.0
,,,,,,,,1379,9780.0,2793.0,1333.0
,,,,,,,,1380,9832.0,2808.0,1340.0
,,,,,,,,1381,9815.0,2803.0,1338.0
,,,,,,,,1382,9821.0,2805.0,1339.0
,,,,,,,,1383,9773.0,2791.0,1332.0
,,,,,,,,1384,9871.0,2819.0,1346.0
,,,,,,,,1385,10449.0,2985.0,1424.0
,,,,,,,,1386,11079.0,3165.0,1510.0
,,,,,,,,1387,10981.0,3136.0,1497.0
,,,,,,,,1388,10679.0,3050.0,1456.0
,,,,,,,,1389,10229.0,2921.0,1394.0
,,,,,,,,1390,9529.0,2721.0,1299.0
,,,,,,,,1391,8609.0,2459.0,1174.0
,,,,,,,,1392,7809.0,2230.0,1065.0
,,,,,,,,1393,7299.0,2084.0,995.0
,,,,,,,,1394,7024.0,2006.0,958.0
,,,,,,,,1395,6910.0,1973.0,942.0
,,,,,,,,1396,6923.0,1977.0,944.0
,,,,,,,,1397,7172.0,2048.0,978.0
,,,,,,,,1398,7956.0,2272.0,1085.0
,,,,,,,,1399,9281.0,2650.0,1265.0
,,,,,,,,1400,9915.0,2832.0,1352.0
,,,,,,,,1401,9989.0,2853.0,1362.0
,,,,,,,,1402,9955.0,2843.0,1358.0
,,,,,,,,1403,9932.0,2836.0,1354.0
,,,,,,,,1404,9850.0,2813.0,1343.0
,,,,,,,,1405,9737.0,2780.0,1328.0
,,,,,,,,1406,9660.0,2759.0,1317.0
,,,,,,,,1407,9608.0,2744.0,1310.0
,,,,,,,,1408,9711.0,2774.0,1324.0
,,,,,,,,1409,10407.0,2972.0,1418.0
,,,,,,,,1410,11254.0,3214.0,1535.0
,,,,,,,,1411,11216.0,3203.0,1530.0
,,,,,,,,1412,10959.0,3130.0,1494.0
,,,,,,,,1413,10560.0,3016.0,1439.0
,,,,,,,,1414,9865.0,2817.0,1345.0
,,,,,,,,1415,8966.0,2560.0,1222.0
,,,,,,,,1416,8145.0,2326.0,1110.0
,,,,,,,,1417,7604.0,2172.0,1036.0
,,,,,,,,1418,7334.0,2094.0,999.0
,,,,,,,,1419,7209.0,2058.0,983.0
,,,,,,,,1420,7240.0,2068.0,987.0
,,,,,,,,1421,7477.0,2135.0,1020.0
,,,,,,,,1422,8217.0,2347.0,1120.0
,,,,,,,,1423,9528.0,2721.0,1299.0
,,,,,,,,1424,10187.0,2910.0,1388.0
,,,,,,,,1425,10291.0,2939.0,1403.0
,,,,,,,,1426,10298.0,2941.0,1404.0
,,,,,,,,1427,10272.0,2934.0,1400.0
,,,,,,,,1428,10173.0,2905.0,1387.0
,,,,,,,,1429,10035.0,2866.0,1368.0
,,,,,,,,1430,9986.0,2852.0,1362.0
,,,,,,,,1431,9905.0,2829.0,1350.0
,,,,,,,,1432,10024.0,2863.0,1367.0
,,,,,,,,1433,10758.0,3072.0,1467.0
,,,,,,,,1434,11410.0,3259.0,1555.0
,,,,,,,,1435,11345.0,3240.0,1547.0
,,,,,,,,1436,11079.0,3164.0,1510.0
,,,,,,,,1437,10654.0,3042.0,1453.0
,,,,,,,,1438,9940.0,2839.0,1355.0
,,,,,,,,1439,9032.0,2580.0,1232.0
,,,,,,,,1440,8197.0,2341.0,1117.0
,,,,,,,,1441,7669.0,2190.0,1045.0
,,,,,,,,1442,7389.0,2110.0,1007.0
,,,,,,,,1443,7243.0,2068.0,987.0
,,,,,,,,1444,7254.0,2072.0,989.0
,,,,,,,,1445,7472.0,2134.0,1019.0
,,,,,,,,1446,8199.0,2341.0,1118.0
,,,,,,,,1447,9450.0,2699.0,1288.0
,,,,,,,,1448,10097.0,2884.0,1377.0
,,,,,,,,1449,10220.0,2919.0,1393.0
,,,,,,,,1450,10189.0,2910.0,1389.0
,,,,,,,,1451,10148.0,2898.0,1383.0
,,,,,,,,1452,10022.0,2862.0,1367.0
,,,,,,,,1453,9891.0,2825.0,1348.0
,,,,,,,,1454,9840.0,2810.0,1342.0
,,,,,,,,1455,9760.0,2787.0,1331.0
,,,,,,,,1456,9800.0,2799.0,1336.0
,,,,,,,,1457,10442.0,2982.0,1424.0
,,,,,,,,1458,11013.0,3146.0,1501.0
,,,,,,,,1459,10864.0,3102.0,1481.0
,,,,,,,,1460,10550.0,3013.0,1439.0
,,,,,,,,1461,10198.0,2912.0,1390.0
,,,,,,,,1462,9661.0,2760.0,1318.0
,,,,,,,,1463,8967.0,2561.0,1222.0
,,,,,,,,1464,8226.0,2349.0,1121.0
,,,,,,,,1465,7654.0,2186.0,1044.0
,,,,,,,,1466,7337.0,2095.0,1000.0
,,,,,,,,1467,7190.0,2054.0,980.0
,,,,,,,,1468,7152.0,2043.0,975.0
,,,,,,,,1469,7232.0,2065.0,986.0
,,,,,,,,1470,7545.0,2154.0,1029.0
,,,,,,,,1471,8047.0,2299.0,1097.0
,,,,,,,,1472,8588.0,2453.0,1171.0
,,,,,,,,1473,9077.0,2592.0,1237.0
,,,,,,,,1474,9312.0,2659.0,1269.0
,,,,,,,,1475,9299.0,2656.0,1267.0
,,,,,,,,1476,9181.0,2622.0,1252.0
,,,,,,,,1477,9000.0,2570.0,1227.0
,,,,,,,,1478,8811.0,2516.0,1202.0
,,,,,,,,1479,8691.0,2482.0,1185.0
,,,,,,,,1480,8794.0,2512.0,1199.0
,,,,,,,,1481,9530.0,2721.0,1299.0
,,,,,,,,1482,10269.0,2933.0,1400.0
,,,,,,,,1483,10163.0,2902.0,1386.0
,,,,,,,,1484,9887.0,2824.0,1348.0
,,,,,,,,1485,9591.0,2739.0,1308.0
,,,,,,,,1486,9155.0,2614.0,1248.0
,,,,,,,,1487,8609.0,2459.0,1173.0
,,,,,,,,1488,7998.0,2284.0,1090.0
,,,,,,,,1489,7508.0,2144.0,1024.0
,,,,,,,,1490,7225.0,2063.0,985.0
,,,,,,,,1491,7088.0,2024.0,966.0
,,,,,,,,1492,7040.0,2010.0,959.0
,,,,,,,,1493,7101.0,2028.0,968.0
,,,,,,,,1494,7334.0,2094.0,999.0
,,,,,,,,1495,7705.0,2200.0,1050.0
,,,,,,,,1496,8157.0,2329.0,1112.0
,,,,,,,,1497,8671.0,2476.0,1182.0
,,,,,,,,1498,8939.0,2553.0,1219.0
,,,,,,,,1499,9005.0,2572.0,1227.0
,,,,,,,,1500,8996.0,2569.0,1226.0
,,,,,,,,1501,8922.0,2548.0,1216.0
,,,,,,,,1502,8825.0,2520.0,1203.0
,,,,,,,,1503,8781.0,2508.0,1197.0
,,,,,,,,1504,8986.0,2566.0,1225.0
,,,,,,,,1505,9858.0,2815.0,1344.0
,,,,,,,,1506,10631.0,3036.0,1449.0
,,,,,,,,1507,10584.0,3022.0,1443.0
,,,,,,,,1508,10304.0,2943.0,1405.0
,,,,,,,,1509,9937.0,2838.0,1355.0
,,,,,,,,1510,9289.0,2653.0,1267.0
,,,,,,,,1511,8529.0,2436.0,1163.0
,,,,,,,,1512,7851.0,2242.0,1070.0
,,,,,,,,1513,7591.0,2168.0,1035.0
,,,,,,,,1514,7327.0,2093.0,999.0
,,,,,,,,1515,7218.0,2061.0,984.0
,,,,,,,,1516,7223.0,2063.0,984.0
,,,,,,,,1517,7490.0,2138.0,1021.0
,,,,,,,,1518,8250.0,2356.0,1125.0
,,,,,,,,1519,9590.0,2739.0,1308.0
,,,,,,,,1520,10268.0,2932.0,1400.0
,,,,,,,,1521,10326.0,2949.0,1408.0
,,,,,,,,1522,10344.0,2954.0,1410.0
,,,,,,,,1523,10330.0,2950.0,1408.0
,,,,,,,,1524,10270.0,2933.0,1400.0
,,,,,,,,1525,10187.0,2910.0,1388.0
,,,,,,,,1526,10113.0,2888.0,1378.0
,,,,,,,,1527,10009.0,2859.0,1364.0
,,,,,,,,1528,10116.0,2890.0,1379.0
,,,,,,,,1529,10950.0,3127.0,1493.0
,,,,,,,,1530,11774.0,3362.0,1605.0
,,,,,,,,1531,11759.0,3358.0,1603.0
,,,,,,,,1532,11508.0,3286.0,1569.0
,,,,,,,,1533,11055.0,3157.0,1507.0
,,,,,,,,1534,10308.0,2944.0,1405.0
,,,,,,,,1535,9326.0,2664.0,1272.0
,,,,,,,,1536,8445.0,2412.0,1151.0
,,,,,,,,1537,7899.0,2256.0,1077.0
,,,,,,,,1538,7613.0,2174.0,1038.0
,,,,,,,,1539,7477.0,2135.0,1020.0
,,,,,,,,1540,7470.0,2134.0,1018.0
,,,,,,,,1541,7699.0,2199.0,1050.0
,,,,,,,,1542,8428.0,2407.0,1149.0
,,,,,,,,1543,9761.0,2787.0,1331.0
,,,,,,,,1544,10471.0,2991.0,1428.0
,,,,,,,,1545,10643.0,3040.0,1451.0
,,,,,,,,1546,10719.0,3061.0,1461.0
,,,,,,,,1547,10802.0,3085.0,1473.0
,,,,,,,,1548,10835.0,3095.0,1477.0
,,,,,,,,1549,10820.0,3090.0,1475.0
,,,,,,,,1550,10811.0,3087.0,1474.0
,,,,,,,,1551,10750.0,3070.0,1465.0
,,,,,,,,1552,10888.0,3110.0,1484.0
,,,,,,,,1553,11635.0,3323.0,1586.0
,,,,,,,,1554,12129.0,3464.0,1654.0
,,,,,,,,1555,12036.0,3437.0,1641.0
,,,,,,,,1556,11714.0,3346.0,1597.0
,,,,,,,,1557,11207.0,3201.0,1528.0
,,,,,,,,1558,10396.0,2969.0,1418.0
,,,,,,,,1559,9383.0,2680.0,1279.0
,,,,,,,,1560,8476.0,2420.0,1156.0
,,,,,,,,1561,7885.0,2252.0,1075.0
,,,,,,,,1562,7571.0,2162.0,1032.0
,,,,,,,,1563,7443.0,2125.0,1014.0
,,,,,,,,1564,7441.0,2125.0,1014.0
,,,,,,,,1565,7675.0,2192.0,1046.0
,,,,,,,,1566,8416.0,2404.0,1147.0
,,,,,,,,1567,9770.0,2790.0,1332.0
,,,,,,,,1568,10485.0,2995.0,1429.0
,,,,,,,,1569,10564.0,3017.0,1440.0
,,,,,,,,1570,10582.0,3022.0,1443.0
,,,,,,,,1571,10613.0,3030.0,1447.0
,,,,,,,,1572,10530.0,3007.0,1435.0
,,,,,,,,1573,10401.0,2970.0,1418.0
,,,,,,,,1574,10370.0,2961.0,1414.0
,,,,,,,,1575,10343.0,2954.0,1410.0
,,,,,,,,1576,10495.0,2997.0,1431.0
,,,,,,,,1577,11316.0,3231.0,1543.0
,,,,,,,,1578,11972.0,3420.0,1632.0
,,,,,,,,1579,11906.0,3400.0,1623.0
,,,,,,,,1580,11643.0,3325.0,1587.0
,,,,,,,,1581,11225.0,3205.0,1530.0
,,,,,,,,1582,10509.0,3001.0,1433.0
,,,,,,,,1583,9533.0,2722.0,1300.0
,,,,,,,,1584,8640.0,2468.0,1178.0
,,,,,,,,1585,8064.0,2303.0,1100.0
,,,,,,,,1586,7777.0,2221.0,1060.0
,,,,,,,,1587,7656.0,2187.0,1044.0
,,,,,,,,1588,7656.0,2187.0,1044.0
,,,,,,,,1589,7876.0,2249.0,1074.0
,,,,,,,,1590,8638.0,2467.0,1177.0
,,,,,,,,1591,10000.0,2856.0,1363.0
,,,,,,,,1592,10639.0,3038.0,1450.0
,,,,,,,,1593,10637.0,3038.0,1450.0
,,,,,,,,1594,10562.0,3016.0,1440.0
,,,,,,,,1595,10524.0,3005.0,1435.0
,,,,,,,,1596,10445.0,2983.0,1424.0
,,,,,,,,1597,10288.0,2938.0,1403.0
,,,,,,,,1598,10236.0,2923.0,1395.0
,,,,,,,,1599,10145.0,2897.0,1383.0
,,,,,,,,1600,10265.0,2931.0,1399.0
,,,,,,,,1601,11055.0,3157.0,1507.0
,,,,,,,,1602,11768.0,3361.0,1605.0
,,,,,,,,1603,11814.0,3374.0,1611.0
,,,,,,,,1604,11582.0,3308.0,1579.0
,,,,,,,,1605,11129.0,3179.0,1517.0
,,,,,,,,1606,10395.0,2969.0,1417.0
,,,,,,,,1607,9403.0,2685.0,1282.0
,,,,,,,,1608,8491.0,2424.0,1157.0
,,,,,,,,1609,7901.0,2257.0,1077.0
,,,,,,,,1610,7603.0,2171.0,1036.0
,,,,,,,,1611,7457.0,2129.0,1016.0
,,,,,,,,1612,7466.0,2132.0,1018.0
,,,,,,,,1613,7706.0,2201.0,1050.0
,,,,,,,,1614,8471.0,2419.0,1155.0
,,,,,,,,1615,9807.0,2800.0,1337.0
,,,,,,,,1616,10487.0,2995.0,1429.0
,,,,,,,,1617,10654.0,3043.0,1453.0
,,,,,,,,1618,10702.0,3056.0,1459.0
,,,,,,,,1619,10664.0,3046.0,1454.0
,,,,,,,,1620,10581.0,3022.0,1443.0
,,,,,,,,1621,10479.0,2993.0,1428.0
,,,,,,,,1622,10449.0,2985.0,1424.0
,,,,,,,,1623,10415.0,2975.0,1420.0
,,,,,,,,1624,10576.0,3020.0,1442.0
,,,,,,,,1625,11391.0,3253.0,1553.0
,,,,,,,,1626,11822.0,3376.0,1611.0
,,,,,,,,1627,11637.0,3323.0,1586.0
,,,,,,,,1628,11339.0,3238.0,1546.0
,,,,,,,,1629,10964.0,3131.0,1494.0
,,,,,,,,1630,10392.0,2968.0,1417.0
,,,,,,,,1631,9588.0,2738.0,1308.0
,,,,,,,,1632,8754.0,2500.0,1193.0
,,,,,,,,1633,8122.0,2319.0,1107.0
,,,,,,,,1634,7753.0,2214.0,1057.0
,,,,,,,,1635,7577.0,2164.0,1033.0
,,,,,,,,1636,7518.0,2147.0,1025.0
,,,,,,,,1637,7587.0,2167.0,1035.0
,,,,,,,,1638,7872.0,2248.0,1073.0
,,,,,,,,1639,8448.0,2413.0,1151.0
,,,,,,,,1640,9091.0,2596.0,1239.0
,,,,,,,,1641,9795.0,2797.0,1335.0
,,,,,,,,1642,10257.0,2930.0,1398.0
,,,,,,,,1643,10471.0,2991.0,1428.0
,,,,,,,,1644,10496.0,2997.0,1431.0
,,,,,,,,1645,10450.0,2985.0,1424.0
,,,,,,,,1646,10350.0,2955.0,1411.0
,,,,,,,,1647,10280.0,2936.0,1402.0
,,,,,,,,1648,10408.0,2972.0,1419.0
,,,,,,,,1649,11104.0,3171.0,1514.0
,,,,,,,,1650,11406.0,3257.0,1555.0
,,,,,,,,1651,11218.0,3204.0,1530.0
,,,,,,,,1652,10853.0,3100.0,1479.0
,,,,,,,,1653,10480.0,2993.0,1428.0
,,,,,,,,1654,9965.0,2846.0,1358.0
,,,,,,,,1655,9253.0,2643.0,1262.0
,,,,,,,,1656,8473.0,2419.0,1155.0
,,,,,,,,1657,7866.0,2246.0,1072.0
,,,,,,,,1658,7485.0,2138.0,1020.0
,,,,,,,,1659,7259.0,2073.0,989.0
,,,,,,,,1660,7155.0,2044.0,975.0
,,,,,,,,1661,7164.0,2046.0,977.0
,,,,,,,,1662,7338.0,2095.0,1000.0
,,,,,,,,1663,7708.0,2201.0,1050.0
,,,,,,,,1664,8182.0,2337.0,1116.0
,,,,,,,,1665,8826.0,2520.0,1203.0
,,,,,,,,1666,9296.0,2655.0,1267.0
,,,,,,,,1667,9508.0,2715.0,1297.0
,,,,,,,,1668,9577.0,2735.0,1306.0
,,,,,,,,1669,9583.0,2737.0,1307.0
,,,,,,,,1670,9478.0,2707.0,1292.0
,,,,,,,,1671,9384.0,2680.0,1279.0
,,,,,,,,1672,9519.0,2719.0,1298.0
,,,,,,,,1673,10454.0,2985.0,1425.0
,,,,,,,,1674,11026.0,3149.0,1504.0
,,,,,,,,1675,10901.0,3113.0,1486.0
,,,,,,,,1676,10594.0,3025.0,1444.0
,,,,,,,,1677,10134.0,2894.0,1382.0
,,,,,,,,1678,9398.0,2684.0,1281.0
,,,,,,,,1679,8490.0,2424.0,1157.0
,,,,,,,,1680,7652.0,2185.0,1043.0
,,,,,,,,1681,7970.0,2276.0,1086.0
,,,,,,,,1682,7576.0,2164.0,1033.0
,,,,,,,,1683,7430.0,2122.0,1013.0
,,,,,,,,1684,7412.0,2117.0,1010.0
,,,,,,,,1685,7658.0,2187.0,1044.0
,,,,,,,,1686,8378.0,2393.0,1142.0
,,,,,,,,1687,9688.0,2766.0,1321.0
,,,,,,,,1688,10594.0,3025.0,1444.0
,,,,,,,,1689,10868.0,3104.0,1482.0
,,,,,,,,1690,10975.0,3135.0,1496.0
,,,,,,,,1691,11084.0,3166.0,1511.0
,,,,,,,,1692,11101.0,3170.0,1514.0
,,,,,,,,1693,11032.0,3150.0,1504.0
,,,,,,,,1694,10988.0,3138.0,1498.0
,,,,,,,,1695,10911.0,3115.0,1488.0
,,,,,,,,1696,11057.0,3158.0,1508.0
,,,,,,,,1697,11885.0,3394.0,1621.0
,,,,,,,,1698,12358.0,3530.0,1685.0
,,,,,,,,1699,12236.0,3495.0,1668.0
,,,,,,,,1700,11929.0,3406.0,1626.0
,,,,,,,,1701,11458.0,3272.0,1562.0
,,,,,,,,1702,10660.0,3045.0,1454.0
,,,,,,,,1703,9581.0,2736.0,1306.0
,,,,,,,,1704,8551.0,2442.0,1166.0
,,,,,,,,1705,7846.0,2241.0,1070.0
,,,,,,,,1706,7499.0,2142.0,1022.0
,,,,,,,,1707,7307.0,2087.0,996.0
,,,,,,,,1708,7270.0,2076.0,991.0
,,,,,,,,1709,7457.0,2129.0,1016.0
,,,,,,,,1710,8157.0,2329.0,1112.0
,,,,,,,,1711,9462.0,2702.0,1290.0
,,,,,,,,1712,10299.0,2941.0,1404.0
,,,,,,,,1713,10434.0,2980.0,1423.0
,,,,,,,,1714,10482.0,2994.0,1429.0
,,,,,,,,1715,10545.0,3011.0,1438.0
,,,,,,,,1716,10526.0,3006.0,1435.0
,,,,,,,,1717,10414.0,2975.0,1420.0
,,,,,,,,1718,10366.0,2960.0,1414.0
,,,,,,,,1719,10287.0,2938.0,1403.0
,,,,,,,,1720,10414.0,2974.0,1419.0
,,,,,,,,1721,11220.0,3205.0,1530.0
,,,,,,,,1722,11815.0,3374.0,1611.0
,,,,,,,,1723,11739.0,3352.0,1600.0
,,,,,,,,1724,11469.0,3276.0,1564.0
,,,,,,,,1725,11037.0,3152.0,1504.0
,,,,,,,,1726,10308.0,2944.0,1405.0
,,,,,,,,1727,9289.0,2653.0,1267.0
,,,,,,,,1728,8287.0,2367.0,1130.0
,,,,,,,,1729,7571.0,2162.0,1032.0
,,,,,,,,1730,7214.0,2060.0,984.0
,,,,,,,,1731,7066.0,2018.0,963.0
,,,,,,,,1732,7064.0,2018.0,963.0
,,,,,,,,1733,7305.0,2086.0,996.0
,,,,,,,,1734,8040.0,2296.0,1096.0
,,,,,,,,1735,9396.0,2683.0,1281.0
,,,,,,,,1736,10188.0,2910.0,1389.0
,,,,,,,,1737,10302.0,2942.0,1404.0
,,,,,,,,1738,10320.0,2947.0,1407.0
,,,,,,,,1739,10324.0,2949.0,1408.0
,,,,,,,,1740,10273.0,2934.0,1400.0
,,,,,,,,1741,10179.0,2907.0,1388.0
,,,,,,,,1742,10191.0,2910.0,1389.0
,,,,,,,,1743,10181.0,2908.0,1388.0
,,,,,,,,1744,10321.0,2948.0,1407.0
,,,,,,,,1745,11211.0,3202.0,1529.0
,,,,,,,,1746,11925.0,3406.0,1625.0
,,,,,,,,1747,11886.0,3394.0,1621.0
,,,,,,,,1748,11642.0,3325.0,1587.0
,,,,,,,,1749,11261.0,3216.0,1535.0
,,,,,,,,1750,10572.0,3020.0,1441.0
,,,,,,,,1751,9554.0,2729.0,1302.0
,,,,,,,,1752,8528.0,2435.0,1162.0
,,,,,,,,1753,7849.0,2242.0,1070.0
,,,,,,,,1754,7476.0,2135.0,1019.0
,,,,,,,,1755,7318.0,2090.0,998.0
,,,,,,,,1756,7319.0,2090.0,998.0
,,,,,,,,1757,7565.0,2160.0,1031.0
,,,,,,,,1758,8336.0,2380.0,1136.0
,,,,,,,,1759,9713.0,2774.0,1324.0
,,,,,,,,1760,10423.0,2977.0,1421.0
,,,,,,,,1761,10524.0,3005.0,1434.0
,,,,,,,,1762,10487.0,2995.0,1429.0
,,,,,,,,1763,10425.0,2977.0,1421.0
,,,,,,,,1764,10316.0,2946.0,1407.0
,,,,,,,,1765,10163.0,2903.0,1386.0
,,,,,,,,1766,10143.0,2897.0,1383.0
,,,,,,,,1767,10178.0,2907.0,1388.0
,,,,,,,,1768,10405.0,2971.0,1418.0
,,,,,,,,1769,11272.0,3219.0,1537.0
,,,,,,,,1770,11889.0,3396.0,1621.0
,,,,,,,,1771,11819.0,3376.0,1611.0
,,,,,,,,1772,11594.0,3311.0,1580.0
,,,,,,,,1773,11266.0,3217.0,1536.0
,,,,,,,,1774,10591.0,3025.0,1444.0
,,,,,,,,1775,9576.0,2735.0,1306.0
,,,,,,,,1776,8585.0,2452.0,1171.0
,,,,,,,,1777,7884.0,2252.0,1075.0
,,,,,,,,1778,7487.0,2138.0,1020.0
,,,,,,,,1779,7295.0,2083.0,994.0
,,,,,,,,1780,7292.0,2083.0,994.0
,,,,,,,,1781,7473.0,2134.0,1019.0
,,,,,,,,1782,8136.0,2324.0,1109.0
,,,,,,,,1783,9371.0,2676.0,1277.0
,,,,,,,,1784,10270.0,2933.0,1400.0
,,,,,,,,1785,10570.0,3019.0,1441.0
,,,,,,,,1786,10718.0,3061.0,1461.0
,,,,,,,,1787,10774.0,3077.0,1469.0
,,,,,,,,1788,10732.0,3065.0,1463.0
,,,,,,,,1789,10536.0,3009.0,1436.0
,,,,,,,,1790,10385.0,2966.0,1416.0
,,,,,,,,1791,10180.0,2907.0,1388.0
,,,,,,,,1792,10127.0,2892.0,1381.0
,,,,,,,,1793,10860.0,3101.0,1480.0
,,,,,,,,1794,11395.0,3255.0,1554.0
,,,,,,,,1795,11216.0,3203.0,1530.0
,,,,,,,,1796,10903.0,3114.0,1486.0
,,,,,,,,1797,10530.0,3007.0,1435.0
,,,,,,,,1798,10004.0,2857.0,1364.0
,,,,,,,,1799,9233.0,2637.0,1259.0
,,,,,,,,1800,8344.0,2383.0,1137.0
,,,,,,,,1801,7689.0,2196.0,1048.0
,,,,,,,,1802,7298.0,2084.0,994.0
,,,,,,,,1803,7081.0,2023.0,965.0
,,,,,,,,1804,7021.0,2005.0,957.0
,,,,,,,,1805,7089.0,2024.0,966.0
,,,,,,,,1806,7337.0,2095.0,1000.0
,,,,,,,,1807,7883.0,2251.0,1075.0
,,,,,,,,1808,8505.0,2429.0,1160.0
,,,,,,,,1809,9213.0,2631.0,1256.0
,,,,,,,,1810,9678.0,2764.0,1319.0
,,,,,,,,1811,9830.0,2807.0,1340.0
,,,,,,,,1812,9865.0,2818.0,1345.0
,,,,,,,,1813,9798.0,2798.0,1336.0
,,,,,,,,1814,9722.0,2776.0,1325.0
,,,,,,,,1815,9709.0,2773.0,1323.0
,,,,,,,,1816,9875.0,2820.0,1346.0
,,,,,,,,1817,10741.0,3067.0,1464.0
,,,,,,,,1818,11428.0,3264.0,1558.0
,,,,,,,,1819,11394.0,3254.0,1554.0
,,,,,,,,1820,11154.0,3185.0,1521.0
,,,,,,,,1821,10865.0,3103.0,1481.0
,,,,,,,,1822,10443.0,2982.0,1424.0
,,,,,,,,1823,9751.0,2785.0,1329.0
,,,,,,,,1824,8930.0,2550.0,1217.0
,,,,,,,,1825,8253.0,2357.0,1125.0
,,,,,,,,1826,7822.0,2234.0,1066.0
,,,,,,,,1827,7593.0,2169.0,1035.0
,,,,,,,,1828,7487.0,2138.0,1020.0
,,,,,,,,1829,7505.0,2144.0,1023.0
,,,,,,,,1830,7709.0,2202.0,1051.0
,,,,,,,,1831,8124.0,2320.0,1107.0
,,,,,,,,1832,8572.0,2448.0,1168.0
,,,,,,,,1833,9157.0,2615.0,1248.0
,,,,,,,,1834,9539.0,2725.0,1301.0
,,,,,,,,1835,9669.0,2761.0,1318.0
,,,,,,,,1836,9753.0,2785.0,1329.0
,,,,,,,,1837,9784.0,2794.0,1333.0
,,,,,,,,1838,9718.0,2775.0,1325.0
,,,,,,,,1839,9642.0,2754.0,1314.0
,,,,,,,,1840,9703.0,2771.0,1322.0
,,,,,,,,1841,10576.0,3020.0,1442.0
,,,,,,,,1842,11314.0,3231.0,1543.0
,,,,,,,,1843,11306.0,3229.0,1541.0
,,,,,,,,1844,11099.0,3170.0,1513.0
,,,,,,,,1845,10825.0,3091.0,1476.0
,,,,,,,,1846,10312.0,2945.0,1406.0
,,,,,,,,1847,9579.0,2735.0,1306.0
,,,,,,,,1848,8713.0,2488.0,1187.0
