BalanceComponent,Generation,Storage_Discharge,Storage_Charge,Flexible_Demand_Defer,Flexible_Demand_Stasify,Demand_Response,Nonserved_Energy,Transmission_NetExport,Transmission_Losses,Demand
Zone,1,1,1,1,1,1,1,1,1,1
AnnualSum,1.1512743775123775e8,1.4288445343044182e7,-1.688143353384236e7,0.0,0.0,0.0,0.0,0.0,0.0,-1.1253444956043947e8
t1,10735.858460164956,0.0,-500.8584601649577,0.0,0.0,0.0,0.0,0.0,0.0,-10235.0
t2,11490.350967955208,0.0,-1793.3509679552096,0.0,0.0,0.0,0.0,0.0,0.0,-9697.0
t3,6698.238852961643,2731.7611470383567,-0.0,0.0,0.0,0.0,0.0,0.0,0.0,-9430.0
t4,7459.083023533826,1889.9169764661738,-0.0,0.0,0.0,0.0,0.0,0.0,0.0,-9349.0
t5,8892.307647120022,664.6923528799789,-0.0,0.0,0.0,0.0,0.0,0.0,0.0,-9557.0
t6,8220.640804242987,2022.3591957570147,-0.0,0.0,0.0,0.0,0.0,0.0,0.0,-10243.0
t7,6760.946836008821,5109.053163991178,-0.0,0.0,0.0,0.0,0.0,0.0,0.0,-11870.0
t8,7336.0,6000.0,-0.0,0.0,0.0,0.0,0.0,0.0,0.0,-13336.0
t9,10933.303574384916,3191.696425615086,-0.0,0.0,0.0,0.0,0.0,0.0,0.0,-14125.0
t10,16850.35609290862,0.0,-2173.356092908618,0.0,0.0,0.0,0.0,0.0,0.0,-14677.0
t11,18736.770401231563,1184.6147993842183,-4815.385200615782,0.0,0.0,0.0,0.0,0.0,0.0,-15106.0
t12,11908.688337090334,4730.655831454833,-1269.3441685451673,0.0,0.0,0.0,0.0,0.0,0.0,-15370.0
t13,21515.0,0.0,-6000.0,0.0,0.0,0.0,0.0,0.0,0.0,-15515.0
t14,21656.0,0.0,-6000.0,0.0,0.0,0.0,0.0,0.0,0.0,-15656.0
t15,10490.784982390996,5583.607508804502,-416.39249119549856,0.0,0.0,0.0,0.0,0.0,0.0,-15658.0
t16,9667.0,6000.0,-0.0,0.0,0.0,0.0,0.0,0.0,0.0,-15667.0
t17,21683.999999999996,0.0,-6000.0,0.0,0.0,0.0,0.0,0.0,0.0,-15684.0
t18,17036.059555359694,2255.470222320152,-3744.529777679848,0.0,0.0,0.0,0.0,0.0,0.0,-15547.0
t19,17663.088287540802,1727.955856229598,-4272.044143770402,0.0,0.0,0.0,0.0,0.0,0.0,-15119.0
t20,13000.616951431528,3885.1915242842365,-2114.8084757157635,0.0,0.0,0.0,0.0,0.0,0.0,-14771.0
t21,10942.737869969187,4949.631065015406,-1050.3689349845936,0.0,0.0,0.0,0.0,0.0,0.0,-14842.0
t22,16839.228680634234,1724.3856596828823,-4275.614340317117,0.0,0.0,0.0,0.0,0.0,0.0,-14288.0
t23,18654.137609500394,71.43119524980257,-5928.568804750197,0.0,0.0,0.0,0.0,0.0,0.0,-12797.0
t24,16372.923629955714,495.03818502214347,-5504.961814977856,0.0,0.0,0.0,0.0,0.0,0.0,-11363.0
t25,16433.999999999996,0.0,-6000.0,0.0,0.0,0.0,0.0,0.0,0.0,-10434.0
t26,15866.0,0.0,-6000.0,0.0,0.0,0.0,0.0,0.0,0.0,-9866.0
t27,15599.0,0.0,-6000.0,0.0,0.0,0.0,0.0,0.0,0.0,-9599.0
t28,4466.663384382601,5513.1683078087,-486.8316921913004,0.0,0.0,0.0,0.0,0.0,0.0,-9493.0
t29,3726.000000000001,6000.0,-0.0,0.0,0.0,0.0,0.0,0.0,0.0,-9726.0
t30,5509.411049255709,5435.294475372146,-564.7055246278541,0.0,0.0,0.0,0.0,0.0,0.0,-10380.0
t31,6804.991454358971,5607.504272820514,-392.49572717948575,0.0,0.0,0.0,0.0,0.0,0.0,-12020.0
t32,12297.884117291062,3583.0579413544688,-2416.9420586455312,0.0,0.0,0.0,0.0,0.0,0.0,-13464.0
t33,11860.04946307856,4183.975268460718,-1816.0247315392808,0.0,0.0,0.0,0.0,0.0,0.0,-14228.0
t34,15811.073553786762,2446.963223106618,-3553.036776893382,0.0,0.0,0.0,0.0,0.0,0.0,-14705.0
t35,19844.698295752467,632.6508521237662,-5367.3491478762335,0.0,0.0,0.0,0.0,0.0,0.0,-15110.0
t36,21328.0,0.0,-6000.0,0.0,0.0,0.0,0.0,0.0,0.0,-15328.0
t37,19163.95100718344,1131.5244964082797,-4868.475503591721,0.0,0.0,0.0,0.0,0.0,0.0,-15427.0
t38,21608.0,0.0,-6000.0,0.0,0.0,0.0,0.0,0.0,0.0,-15608.0
t39,21570.0,0.0,-6000.0,0.0,0.0,0.0,0.0,0.0,0.0,-15570.0
t40,19044.012510265704,1221.4937448671462,-4778.506255132854,0.0,0.0,0.0,0.0,0.0,0.0,-15487.0
t41,13975.59030992596,1478.409690074044,-0.0,0.0,0.0,0.0,0.0,0.0,0.0,-15454.0
t42,12134.614848297526,3175.385151702475,-0.0,0.0,0.0,0.0,0.0,0.0,0.0,-15310.0
t43,20500.339841418383,0.0,-5498.339841418382,0.0,0.0,0.0,0.0,0.0,0.0,-15002.0
t44,14807.0,0.0,-0.0,0.0,0.0,0.0,0.0,0.0,0.0,-14807.0
t45,14898.0,0.0,-0.0,0.0,0.0,0.0,0.0,0.0,0.0,-14898.0
t46,14245.0,0.0,-0.0,0.0,0.0,0.0,0.0,0.0,0.0,-14245.0
t47,9927.85065002433,2911.1493499756707,-0.0,0.0,0.0,0.0,0.0,0.0,0.0,-12839.0
t48,10275.056392448954,1222.9436075510448,-0.0,0.0,0.0,0.0,0.0,0.0,0.0,-11498.0
t49,10652.244764070128,0.0,-47.24476407012767,0.0,0.0,0.0,0.0,0.0,0.0,-10605.0
t50,10503.244909416195,0.0,-406.2449094161953,0.0,0.0,0.0,0.0,0.0,0.0,-10097.0
t51,10191.231823549617,0.0,-368.23182354961625,0.0,0.0,0.0,0.0,0.0,0.0,-9823.0
t52,13797.603830854785,0.0,-4062.603830854785,0.0,0.0,0.0,0.0,0.0,0.0,-9735.0
t53,9928.0,0.0,-0.0,0.0,0.0,0.0,0.0,0.0,0.0,-9928.0
t54,10692.0,0.0,-0.0,0.0,0.0,0.0,0.0,0.0,0.0,-10692.0
t55,12007.555636264726,254.444363735274,-0.0,0.0,0.0,0.0,0.0,0.0,0.0,-12262.0
t56,13731.0,0.0,-0.0,0.0,0.0,0.0,0.0,0.0,0.0,-13731.0
t57,14422.999999999998,0.0,-0.0,0.0,0.0,0.0,0.0,0.0,0.0,-14423.0
t58,14257.92732854025,560.072671459749,-0.0,0.0,0.0,0.0,0.0,0.0,0.0,-14818.0
t59,13532.465691932417,1590.534308067582,-0.0,0.0,0.0,0.0,0.0,0.0,0.0,-15123.0
t60,13984.137439172606,1275.8625608273908,-0.0,0.0,0.0,0.0,0.0,0.0,0.0,-15260.0
t61,12858.55445933694,2381.4455406630605,-0.0,0.0,0.0,0.0,0.0,0.0,0.0,-15240.0
t62,12687.65761812623,2583.3423818737733,-0.0,0.0,0.0,0.0,0.0,0.0,0.0,-15271.0
t63,11976.75377525812,3179.246224741881,-0.0,0.0,0.0,0.0,0.0,0.0,0.0,-15156.0
t64,10852.130969100604,4188.8690308993955,-0.0,0.0,0.0,0.0,0.0,0.0,0.0,-15041.0
t65,9270.953464676459,5800.04653532354,-0.0,0.0,0.0,0.0,0.0,0.0,0.0,-15071.0
t66,10030.103365462772,5029.896634537231,-0.0,0.0,0.0,0.0,0.0,0.0,0.0,-15060.0
t67,13709.809338218565,1121.1906617814336,-0.0,0.0,0.0,0.0,0.0,0.0,0.0,-14831.0
t68,14603.0,0.0,-0.0,0.0,0.0,0.0,0.0,0.0,0.0,-14603.0
t69,14840.673729238815,0.0,-208.67372923881678,0.0,0.0,0.0,0.0,0.0,0.0,-14632.0
t70,14006.378555572266,176.62144442773453,-0.0,0.0,0.0,0.0,0.0,0.0,0.0,-14183.0
t71,18825.0,0.0,-6000.0,0.0,0.0,0.0,0.0,0.0,0.0,-12825.0
t72,7301.2,5078.400000000001,-921.5999999999998,0.0,0.0,0.0,0.0,0.0,0.0,-11458.0
t73,15099.39185773283,705.8040711335849,-5294.195928866415,0.0,0.0,0.0,0.0,0.0,0.0,-10511.0
t74,7481.306857269727,4238.346571365138,-1761.6534286348626,0.0,0.0,0.0,0.0,0.0,0.0,-9958.0
t75,15615.0,0.0,-6000.0,0.0,0.0,0.0,0.0,0.0,0.0,-9615.0
t76,15509.0,0.0,-6000.0,0.0,0.0,0.0,0.0,0.0,0.0,-9509.0
t77,15689.0,0.0,-6000.0,0.0,0.0,0.0,0.0,0.0,0.0,-9689.0
t78,16367.0,0.0,-6000.0,0.0,0.0,0.0,0.0,0.0,0.0,-10367.0
t79,11565.442223341197,3177.778888329401,-2822.221111670599,0.0,0.0,0.0,0.0,0.0,0.0,-11921.0
t80,10827.735176185768,4265.132411907116,-1734.8675880928845,0.0,0.0,0.0,0.0,0.0,0.0,-13358.0
t81,16715.25157145467,1694.3742142726626,-4305.625785727338,0.0,0.0,0.0,0.0,0.0,0.0,-14104.0
t82,18882.406000155144,826.2969999224285,-5173.703000077571,0.0,0.0,0.0,0.0,0.0,0.0,-14535.0
t83,18925.269028227085,979.8654858864566,-5020.134514113543,0.0,0.0,0.0,0.0,0.0,0.0,-14885.0
t84,16247.190216645586,2394.4048916772076,-3605.5951083227924,0.0,0.0,0.0,0.0,0.0,0.0,-15036.0
t85,15588.133448873483,2750.4332755632586,-3249.5667244367414,0.0,0.0,0.0,0.0,0.0,0.0,-15089.0
t86,15207.0,0.0,-0.0,0.0,0.0,0.0,0.0,0.0,0.0,-15207.0
t87,15245.0,0.0,-0.0,0.0,0.0,0.0,0.0,0.0,0.0,-15245.0
t88,15176.574891972821,83.42510802717949,-0.0,0.0,0.0,0.0,0.0,0.0,0.0,-15260.0
t89,12304.958856088662,2977.041143911337,-0.0,0.0,0.0,0.0,0.0,0.0,0.0,-15282.0
t90,9300.65372693938,5866.346273060621,-0.0,0.0,0.0,0.0,0.0,0.0,0.0,-15167.0
t91,9275.146923176158,5536.85307682384,-0.0,0.0,0.0,0.0,0.0,0.0,0.0,-14812.0
t92,14475.0,0.0,-0.0,0.0,0.0,0.0,0.0,0.0,0.0,-14475.0
t93,14512.0,0.0,-0.0,0.0,0.0,0.0,0.0,0.0,0.0,-14512.0
t94,11299.185441640791,2908.814558359209,-0.0,0.0,0.0,0.0,0.0,0.0,0.0,-14208.0
t95,9797.371295646222,3025.628704353779,-0.0,0.0,0.0,0.0,0.0,0.0,0.0,-12823.0
t96,11406.0,0.0,-0.0,0.0,0.0,0.0,0.0,0.0,0.0,-11406.0
t97,10407.0,0.0,-0.0,0.0,0.0,0.0,0.0,0.0,0.0,-10407.0
t98,7280.027137947648,2501.9728620523506,-0.0,0.0,0.0,0.0,0.0,0.0,0.0,-9782.0
t99,5809.284453479286,3641.7155465207143,-0.0,0.0,0.0,0.0,0.0,0.0,0.0,-9451.0
t100,7907.84635919873,1423.1536408012682,-0.0,0.0,0.0,0.0,0.0,0.0,0.0,-9331.0
t101,9487.0,0.0,-0.0,0.0,0.0,0.0,0.0,0.0,0.0,-9487.0
t102,16030.000000000002,0.0,-6000.0,0.0,0.0,0.0,0.0,0.0,0.0,-10030.0
t103,11540.0,0.0,-0.0,0.0,0.0,0.0,0.0,0.0,0.0,-11540.0
t104,9962.863366981985,3038.1366330180153,-0.0,0.0,0.0,0.0,0.0,0.0,0.0,-13001.0
t105,12089.203161104779,1799.7968388952215,-0.0,0.0,0.0,0.0,0.0,0.0,0.0,-13889.0
t106,14470.0,0.0,-0.0,0.0,0.0,0.0,0.0,0.0,0.0,-14470.0
t107,16252.567231638131,0.0,-1345.5672316381335,0.0,0.0,0.0,0.0,0.0,0.0,-14907.0
t108,18343.93786141888,0.0,-3227.9378614188818,0.0,0.0,0.0,0.0,0.0,0.0,-15116.0
t109,18964.481883390377,0.0,-3785.4818833903787,0.0,0.0,0.0,0.0,0.0,0.0,-15179.0
t110,19824.98154511426,0.0,-4521.9815451142595,0.0,0.0,0.0,0.0,0.0,0.0,-15303.0
t111,18287.879103473562,0.0,-2984.8791034735596,0.0,0.0,0.0,0.0,0.0,0.0,-15303.0
t112,15266.0,0.0,-0.0,0.0,0.0,0.0,0.0,0.0,0.0,-15266.0
t113,14483.718848918179,746.2811510818223,-0.0,0.0,0.0,0.0,0.0,0.0,0.0,-15230.0
t114,10898.281953015161,4110.71804698484,-0.0,0.0,0.0,0.0,0.0,0.0,0.0,-15009.0
t115,10645.858293642512,3897.1417063574886,-0.0,0.0,0.0,0.0,0.0,0.0,0.0,-14543.0
t116,18746.159485612112,0.0,-4644.159485612109,0.0,0.0,0.0,0.0,0.0,0.0,-14102.0
t117,13776.418485257722,248.58151474227952,-0.0,0.0,0.0,0.0,0.0,0.0,0.0,-14025.0
t118,19287.848288225192,0.0,-5522.848288225193,0.0,0.0,0.0,0.0,0.0,0.0,-13765.0
t119,18591.0,0.0,-6000.0,0.0,0.0,0.0,0.0,0.0,0.0,-12591.0
t120,12065.275457931106,0.0,-770.2754579311062,0.0,0.0,0.0,0.0,0.0,0.0,-11295.0
t121,9446.894146283179,834.1058537168217,-0.0,0.0,0.0,0.0,0.0,0.0,0.0,-10281.0
t122,9336.788246135375,334.21175386462465,-0.0,0.0,0.0,0.0,0.0,0.0,0.0,-9671.0
t123,7740.1783917744515,1587.821608225548,-0.0,0.0,0.0,0.0,0.0,0.0,0.0,-9328.0
t124,5610.776723701623,3527.2232762983763,-0.0,0.0,0.0,0.0,0.0,0.0,0.0,-9138.0
t125,4587.706285216144,4505.293714783856,-0.0,0.0,0.0,0.0,0.0,0.0,0.0,-9093.0
t126,9245.684137723694,0.0,-141.68413772369482,0.0,0.0,0.0,0.0,0.0,0.0,-9104.0
t127,7038.615755030495,2694.3842449695053,-0.0,0.0,0.0,0.0,0.0,0.0,0.0,-9733.0
t128,6468.396960336185,4356.603039663813,-0.0,0.0,0.0,0.0,0.0,0.0,0.0,-10825.0
t129,10711.407971234266,1282.5920287657364,-0.0,0.0,0.0,0.0,0.0,0.0,0.0,-11994.0
t130,12972.295620752468,0.0,-183.2956207524674,0.0,0.0,0.0,0.0,0.0,0.0,-12789.0
t131,15148.054988985446,155.14141340488843,-2087.196402390335,0.0,0.0,0.0,0.0,0.0,0.0,-13216.0
t132,16099.015221765136,1635.4923891174326,-4364.507610882567,0.0,0.0,0.0,0.0,0.0,0.0,-13370.0
t133,17880.481269537606,743.7593652311989,-5256.240634768801,0.0,0.0,0.0,0.0,0.0,0.0,-13368.0
t134,16125.476384302936,1560.7618078485332,-4439.238192151467,0.0,0.0,0.0,0.0,0.0,0.0,-13247.0
t135,11387.854549575342,3874.572725212329,-2125.427274787671,0.0,0.0,0.0,0.0,0.0,0.0,-13137.0
t136,19109.0,0.0,-6000.0,0.0,0.0,0.0,0.0,0.0,0.0,-13109.0
t137,19150.0,0.0,-6000.0,0.0,0.0,0.0,0.0,0.0,0.0,-13150.0
t138,19182.000000000004,0.0,-6000.0,0.0,0.0,0.0,0.0,0.0,0.0,-13182.0
t139,19020.0,0.0,-6000.0,0.0,0.0,0.0,0.0,0.0,0.0,-13020.0
t140,13275.133448873486,2750.4332755632586,-3249.5667244367414,0.0,0.0,0.0,0.0,0.0,0.0,-12776.0
t141,12870.0,0.0,-0.0,0.0,0.0,0.0,0.0,0.0,0.0,-12870.0
t142,12730.0,0.0,-0.0,0.0,0.0,0.0,0.0,0.0,0.0,-12730.0
t143,8018.226456412474,3806.7735435875265,-0.0,0.0,0.0,0.0,0.0,0.0,0.0,-11825.0
t144,5877.158308930648,4844.841691069351,-0.0,0.0,0.0,0.0,0.0,0.0,0.0,-10722.0
t145,5513.404637634792,4343.595362365207,-0.0,0.0,0.0,0.0,0.0,0.0,0.0,-9857.0
t146,5469.270911356994,3844.729088643007,-0.0,0.0,0.0,0.0,0.0,0.0,0.0,-9314.0
t147,5459.328634178563,3530.671365821437,-0.0,0.0,0.0,0.0,0.0,0.0,0.0,-8990.0
t148,5733.393395590106,3065.6066044098934,-0.0,0.0,0.0,0.0,0.0,0.0,0.0,-8799.0
t149,5886.994777362904,2873.005222637097,-0.0,0.0,0.0,0.0,0.0,0.0,0.0,-8760.0
t150,8201.23459844691,488.76540155308834,-0.0,0.0,0.0,0.0,0.0,0.0,0.0,-8690.0
t151,7857.037366176299,1166.9626338236992,-0.0,0.0,0.0,0.0,0.0,0.0,0.0,-9024.0
t152,9836.0,0.0,-0.0,0.0,0.0,0.0,0.0,0.0,0.0,-9836.0
t153,10869.0,0.0,-0.0,0.0,0.0,0.0,0.0,0.0,0.0,-10869.0
t154,11945.392717125327,0.0,-286.392717125328,0.0,0.0,0.0,0.0,0.0,0.0,-11659.0
t155,13621.914017318642,242.40279577487763,-1722.3168130935214,0.0,0.0,0.0,0.0,0.0,0.0,-12142.0
t156,13945.22775865761,1457.7689506023567,-2983.996709259965,0.0,0.0,0.0,0.0,0.0,0.0,-12419.0
t157,15688.145254131883,1423.9273729340587,-4576.072627065942,0.0,0.0,0.0,0.0,0.0,0.0,-12536.0
t158,15133.433677176892,1669.2831614115526,-4330.716838588447,0.0,0.0,0.0,0.0,0.0,0.0,-12472.0
t159,15460.775978378453,1486.112010810773,-4513.887989189227,0.0,0.0,0.0,0.0,0.0,0.0,-12433.0
t160,17751.515678881995,360.2421605590029,-5639.7578394409975,0.0,0.0,0.0,0.0,0.0,0.0,-12472.0
t161,12642.929269605986,2988.035365197006,-3011.964634802994,0.0,0.0,0.0,0.0,0.0,0.0,-12619.0
t162,15210.041921087733,1780.9790394561337,-4219.020960543866,0.0,0.0,0.0,0.0,0.0,0.0,-12772.0
t163,18740.000000000004,0.0,-6000.0,0.0,0.0,0.0,0.0,0.0,0.0,-12740.0
t164,16551.965883438173,1043.5170582809112,-4956.482941719089,0.0,0.0,0.0,0.0,0.0,0.0,-12639.0
t165,15844.954883475712,1524.5225582621442,-4475.477441737856,0.0,0.0,0.0,0.0,0.0,0.0,-12894.0
t166,15834.135308234609,1449.9323458826955,-4550.067654117304,0.0,0.0,0.0,0.0,0.0,0.0,-12734.0
t167,8266.257710809454,3367.7422891905467,-0.0,0.0,0.0,0.0,0.0,0.0,0.0,-11634.0
t168,5525.451777067147,4929.548222932853,-0.0,0.0,0.0,0.0,0.0,0.0,0.0,-10455.0
t169,8170.0,6000.0,-0.0,0.0,0.0,0.0,0.0,0.0,0.0,-14170.0
t170,11771.47213154423,1719.5278684557697,-0.0,0.0,0.0,0.0,0.0,0.0,0.0,-13491.0
t171,12410.700081121682,645.299918878317,-0.0,0.0,0.0,0.0,0.0,0.0,0.0,-13056.0
t172,12827.0,0.0,-0.0,0.0,0.0,0.0,0.0,0.0,0.0,-12827.0
t173,12915.0,0.0,-0.0,0.0,0.0,0.0,0.0,0.0,0.0,-12915.0
t174,13504.0,0.0,-0.0,0.0,0.0,0.0,0.0,0.0,0.0,-13504.0
t175,11839.637009682881,3077.362990317119,-0.0,0.0,0.0,0.0,0.0,0.0,0.0,-14917.0
t176,15633.735922455995,1156.2640775440034,-0.0,0.0,0.0,0.0,0.0,0.0,0.0,-16790.0
t177,16378.6065068931,1866.3934931069025,-0.0,0.0,0.0,0.0,0.0,0.0,0.0,-18245.0
t178,18905.00865191454,508.9913480854582,-0.0,0.0,0.0,0.0,0.0,0.0,0.0,-19414.0
t179,22795.878907256305,0.0,-2353.8789072563045,0.0,0.0,0.0,0.0,0.0,0.0,-20442.0
t180,23340.9012745015,0.0,-2070.901274501497,0.0,0.0,0.0,0.0,0.0,0.0,-21270.0
t181,27907.000000000004,0.0,-6000.0,0.0,0.0,0.0,0.0,0.0,0.0,-21907.0
t182,25293.693485464795,0.0,-2836.693485464795,0.0,0.0,0.0,0.0,0.0,0.0,-22457.0
t183,26088.07041693044,0.0,-3514.070416930438,0.0,0.0,0.0,0.0,0.0,0.0,-22574.0
t184,23427.971884921186,0.0,-808.971884921184,0.0,0.0,0.0,0.0,0.0,0.0,-22619.0
t185,21120.64093020446,1455.359069795544,-0.0,0.0,0.0,0.0,0.0,0.0,0.0,-22576.0
t186,23651.301571004802,0.0,-1242.3015710048016,0.0,0.0,0.0,0.0,0.0,0.0,-22409.0
t187,18172.58579611542,3714.4142038845816,-0.0,0.0,0.0,0.0,0.0,0.0,0.0,-21887.0
t188,15969.662441473274,5230.337558526726,-0.0,0.0,0.0,0.0,0.0,0.0,0.0,-21200.0
t189,14931.000000000002,6000.0,-0.0,0.0,0.0,0.0,0.0,0.0,0.0,-20931.0
t190,18781.719022668916,1317.2809773310814,-0.0,0.0,0.0,0.0,0.0,0.0,0.0,-20099.0
t191,16002.739856535072,2176.2601434649246,-0.0,0.0,0.0,0.0,0.0,0.0,0.0,-18179.0
t192,12716.547262855147,3563.4527371448557,-0.0,0.0,0.0,0.0,0.0,0.0,0.0,-16280.000000000002
t193,14935.0,0.0,-0.0,0.0,0.0,0.0,0.0,0.0,0.0,-14935.0
t194,17453.12206911909,0.0,-3391.1220691190892,0.0,0.0,0.0,0.0,0.0,0.0,-14062.0
t195,19497.999999999996,0.0,-6000.0,0.0,0.0,0.0,0.0,0.0,0.0,-13498.0
t196,13146.0,0.0,-0.0,0.0,0.0,0.0,0.0,0.0,0.0,-13146.0
t197,15575.396911019096,0.0,-2397.3969110190947,0.0,0.0,0.0,0.0,0.0,0.0,-13178.0
t198,17521.58146401634,0.0,-3809.58146401634,0.0,0.0,0.0,0.0,0.0,0.0,-13712.0
t199,16051.62529216782,0.0,-859.6252921678196,0.0,0.0,0.0,0.0,0.0,0.0,-15192.0
t200,12637.746500760695,4476.253499239305,-0.0,0.0,0.0,0.0,0.0,0.0,0.0,-17114.0
t201,18656.0,0.0,-0.0,0.0,0.0,0.0,0.0,0.0,0.0,-18656.0
t202,19119.767293562505,900.2327064374978,-0.0,0.0,0.0,0.0,0.0,0.0,0.0,-20020.0
t203,16980.986464502945,4220.013535497056,-0.0,0.0,0.0,0.0,0.0,0.0,0.0,-21201.0
t204,16009.0,6000.0,-0.0,0.0,0.0,0.0,0.0,0.0,0.0,-22009.0
t205,22769.97927413598,0.0,-202.97927413598083,0.0,0.0,0.0,0.0,0.0,0.0,-22567.0
t206,25880.822361845007,0.0,-2810.822361845004,0.0,0.0,0.0,0.0,0.0,0.0,-23070.0
t207,29388.000000000004,0.0,-6000.0,0.0,0.0,0.0,0.0,0.0,0.0,-23388.0
t208,29629.000000000004,0.0,-6000.0,0.0,0.0,0.0,0.0,0.0,0.0,-23629.0
t209,25741.486727497515,0.0,-1971.486727497516,0.0,0.0,0.0,0.0,0.0,0.0,-23770.0
t210,18365.319311748182,5209.680688251817,-0.0,0.0,0.0,0.0,0.0,0.0,0.0,-23575.0
t211,23034.0,0.0,-0.0,0.0,0.0,0.0,0.0,0.0,0.0,-23034.0
t212,16325.0,6000.0,-0.0,0.0,0.0,0.0,0.0,0.0,0.0,-22325.0
t213,19020.515068470686,2900.4849315293127,-0.0,0.0,0.0,0.0,0.0,0.0,0.0,-21921.0
t214,21122.0,0.0,-0.0,0.0,0.0,0.0,0.0,0.0,0.0,-21122.0
t215,18817.921859427515,493.0781405724874,-0.0,0.0,0.0,0.0,0.0,0.0,0.0,-19311.0
t216,23388.406373092505,0.0,-5874.4063730925045,0.0,0.0,0.0,0.0,0.0,0.0,-17514.0
t217,22140.473340662986,54.76332966850794,-5945.236670331492,0.0,0.0,0.0,0.0,0.0,0.0,-16250.0
t218,21465.0,0.0,-6000.0,0.0,0.0,0.0,0.0,0.0,0.0,-15465.0
t219,20968.0,0.0,-6000.0,0.0,0.0,0.0,0.0,0.0,0.0,-14968.0
t220,16237.115014474388,2215.9424927628065,-3784.0575072371935,0.0,0.0,0.0,0.0,0.0,0.0,-14669.0
t221,18446.356450830644,1103.3217745846775,-4896.678225415322,0.0,0.0,0.0,0.0,0.0,0.0,-14653.0
t222,19814.45961314463,675.7701934276854,-5324.229806572314,0.0,0.0,0.0,0.0,0.0,0.0,-15166.0
t223,15010.469177407556,1498.5308225924448,-0.0,0.0,0.0,0.0,0.0,0.0,0.0,-16509.0
t224,16823.29484744658,1658.70515255342,-0.0,0.0,0.0,0.0,0.0,0.0,0.0,-18482.0
t225,19867.0,0.0,-0.0,0.0,0.0,0.0,0.0,0.0,0.0,-19867.0
t226,16787.579469035834,4194.420530964164,-0.0,0.0,0.0,0.0,0.0,0.0,0.0,-20982.0
t227,22131.0,0.0,-0.0,0.0,0.0,0.0,0.0,0.0,0.0,-22131.0
t228,20368.781811359648,2638.218188640355,-0.0,0.0,0.0,0.0,0.0,0.0,0.0,-23007.0
t229,23558.0,0.0,-0.0,0.0,0.0,0.0,0.0,0.0,0.0,-23558.0
t230,23575.0,0.0,-0.0,0.0,0.0,0.0,0.0,0.0,0.0,-23575.0
t231,25993.013170717666,0.0,-2971.013170717669,0.0,0.0,0.0,0.0,0.0,0.0,-23022.0
t232,21947.0,0.0,-0.0,0.0,0.0,0.0,0.0,0.0,0.0,-21947.0
t233,16361.582094959691,4770.417905040311,-0.0,0.0,0.0,0.0,0.0,0.0,0.0,-21132.0
t234,17832.01577475758,2950.9842252424223,-0.0,0.0,0.0,0.0,0.0,0.0,0.0,-20783.0
t235,16916.08015450096,3337.919845499039,-0.0,0.0,0.0,0.0,0.0,0.0,0.0,-20254.0
t236,17248.78440698009,2499.215593019912,-0.0,0.0,0.0,0.0,0.0,0.0,0.0,-19748.0
t237,19598.0,0.0,-0.0,0.0,0.0,0.0,0.0,0.0,0.0,-19598.0
t238,21902.393979948385,0.0,-2942.3939799483855,0.0,0.0,0.0,0.0,0.0,0.0,-18960.0
t239,17351.0,0.0,-0.0,0.0,0.0,0.0,0.0,0.0,0.0,-17351.0
t240,20148.792114891006,0.0,-4478.792114891006,0.0,0.0,0.0,0.0,0.0,0.0,-15670.0
t241,18327.476180144306,0.0,-3948.476180144305,0.0,0.0,0.0,0.0,0.0,0.0,-14379.0
t242,13452.0,0.0,-0.0,0.0,0.0,0.0,0.0,0.0,0.0,-13452.0
t243,12861.0,0.0,-0.0,0.0,0.0,0.0,0.0,0.0,0.0,-12861.0
t244,12500.0,0.0,-0.0,0.0,0.0,0.0,0.0,0.0,0.0,-12500.0
t245,12479.0,0.0,-0.0,0.0,0.0,0.0,0.0,0.0,0.0,-12479.0
t246,12024.040031974964,895.9599680250357,-0.0,0.0,0.0,0.0,0.0,0.0,0.0,-12920.0
t247,13008.727081448216,983.2729185517835,-0.0,0.0,0.0,0.0,0.0,0.0,0.0,-13992.0
t248,13190.863769062249,2105.1362309377505,-0.0,0.0,0.0,0.0,0.0,0.0,0.0,-15296.0
t249,14562.764498720906,1492.2355012790938,-0.0,0.0,0.0,0.0,0.0,0.0,0.0,-16055.0
t250,16582.0,0.0,-0.0,0.0,0.0,0.0,0.0,0.0,0.0,-16582.0
t251,17096.0,0.0,-0.0,0.0,0.0,0.0,0.0,0.0,0.0,-17096.0
t252,17452.0,0.0,-0.0,0.0,0.0,0.0,0.0,0.0,0.0,-17452.0
t253,17668.0,0.0,-0.0,0.0,0.0,0.0,0.0,0.0,0.0,-17668.0
t254,18199.448509914182,0.0,-220.44850991418085,0.0,0.0,0.0,0.0,0.0,0.0,-17979.0
t255,18090.0,0.0,-0.0,0.0,0.0,0.0,0.0,0.0,0.0,-18090.0
t256,18229.0,0.0,-0.0,0.0,0.0,0.0,0.0,0.0,0.0,-18229.0
t257,18373.0,0.0,-0.0,0.0,0.0,0.0,0.0,0.0,0.0,-18373.0
t258,18322.0,0.0,-0.0,0.0,0.0,0.0,0.0,0.0,0.0,-18322.0
t259,18005.078729842426,0.0,-210.07872984242448,0.0,0.0,0.0,0.0,0.0,0.0,-17795.0
t260,15219.427723276018,1939.5722767239806,-0.0,0.0,0.0,0.0,0.0,0.0,0.0,-17159.0
t261,17692.47939935755,0.0,-637.4793993575536,0.0,0.0,0.0,0.0,0.0,0.0,-17055.0
t262,10463.000000000002,6000.0,-0.0,0.0,0.0,0.0,0.0,0.0,0.0,-16463.0
t263,15028.0,0.0,-0.0,0.0,0.0,0.0,0.0,0.0,0.0,-15028.0
t264,13517.0,0.0,-0.0,0.0,0.0,0.0,0.0,0.0,0.0,-13517.0
t265,14549.161996979657,0.0,-2165.1619969796575,0.0,0.0,0.0,0.0,0.0,0.0,-12384.0
t266,17725.0,0.0,-6000.0,0.0,0.0,0.0,0.0,0.0,0.0,-11725.0
t267,16140.150201991028,0.0,-4833.150201991025,0.0,0.0,0.0,0.0,0.0,0.0,-11307.0
t268,15926.468312887939,0.0,-4808.468312887939,0.0,0.0,0.0,0.0,0.0,0.0,-11118.0
t269,17026.257500862263,0.0,-5795.257500862262,0.0,0.0,0.0,0.0,0.0,0.0,-11231.0
t270,16459.998663179213,0.0,-4661.998663179214,0.0,0.0,0.0,0.0,0.0,0.0,-11798.0
t271,11377.584911240736,1555.4150887592666,-0.0,0.0,0.0,0.0,0.0,0.0,0.0,-12933.0
t272,11242.661778464819,3030.3382215351817,-0.0,0.0,0.0,0.0,0.0,0.0,0.0,-14273.0
t273,12980.488198684929,2174.51180131507,-0.0,0.0,0.0,0.0,0.0,0.0,0.0,-15155.0
t274,14374.296449292393,1239.703550707608,-0.0,0.0,0.0,0.0,0.0,0.0,0.0,-15614.0
t275,15553.237066791906,363.7629332080934,-0.0,0.0,0.0,0.0,0.0,0.0,0.0,-15917.0
t276,15969.0,0.0,-0.0,0.0,0.0,0.0,0.0,0.0,0.0,-15969.0
t277,15892.0,0.0,-0.0,0.0,0.0,0.0,0.0,0.0,0.0,-15892.0
t278,15875.0,0.0,-0.0,0.0,0.0,0.0,0.0,0.0,0.0,-15875.0
t279,15719.0,0.0,-0.0,0.0,0.0,0.0,0.0,0.0,0.0,-15719.0
t280,15491.0,0.0,-0.0,0.0,0.0,0.0,0.0,0.0,0.0,-15491.0
t281,14489.356093846658,878.6439061533429,-0.0,0.0,0.0,0.0,0.0,0.0,0.0,-15368.0
t282,12717.121767732162,2488.8782322678367,-0.0,0.0,0.0,0.0,0.0,0.0,0.0,-15206.0
t283,8903.617244266254,5933.382755733745,-0.0,0.0,0.0,0.0,0.0,0.0,0.0,-14837.0
t284,14531.0,0.0,-0.0,0.0,0.0,0.0,0.0,0.0,0.0,-14531.0
t285,15471.274392071158,0.0,-816.2743920711595,0.0,0.0,0.0,0.0,0.0,0.0,-14655.0
t286,14290.0,0.0,-0.0,0.0,0.0,0.0,0.0,0.0,0.0,-14290.0
t287,13182.0,0.0,-0.0,0.0,0.0,0.0,0.0,0.0,0.0,-13182.0
t288,11938.0,0.0,-0.0,0.0,0.0,0.0,0.0,0.0,0.0,-11938.0
t289,8353.75028520003,2608.2497147999693,-0.0,0.0,0.0,0.0,0.0,0.0,0.0,-10962.0
t290,8290.488595445944,2036.5114045540552,-0.0,0.0,0.0,0.0,0.0,0.0,0.0,-10327.0
t291,8516.334148374206,1422.6658516257942,-0.0,0.0,0.0,0.0,0.0,0.0,0.0,-9939.0
t292,9276.943753136205,448.0562468637945,-0.0,0.0,0.0,0.0,0.0,0.0,0.0,-9725.0
t293,9693.0,0.0,-0.0,0.0,0.0,0.0,0.0,0.0,0.0,-9693.0
t294,11675.6625684577,0.0,-1909.6625684577007,0.0,0.0,0.0,0.0,0.0,0.0,-9766.0
t295,10261.0,0.0,-0.0,0.0,0.0,0.0,0.0,0.0,0.0,-10261.0
t296,11289.0,0.0,-0.0,0.0,0.0,0.0,0.0,0.0,0.0,-11289.0
t297,12518.0,0.0,-0.0,0.0,0.0,0.0,0.0,0.0,0.0,-12518.0
t298,13453.0,0.0,-0.0,0.0,0.0,0.0,0.0,0.0,0.0,-13453.0
t299,14706.161129363269,0.0,-660.161129363269,0.0,0.0,0.0,0.0,0.0,0.0,-14046.0
t300,15508.83242494144,0.0,-1117.8324249414402,0.0,0.0,0.0,0.0,0.0,0.0,-14391.0
t301,15501.80936583296,0.0,-935.8093658329594,0.0,0.0,0.0,0.0,0.0,0.0,-14566.0
t302,15449.311773873205,0.0,-796.3117738732049,0.0,0.0,0.0,0.0,0.0,0.0,-14653.0
t303,14734.0,0.0,-0.0,0.0,0.0,0.0,0.0,0.0,0.0,-14734.0
t304,14856.0,0.0,-0.0,0.0,0.0,0.0,0.0,0.0,0.0,-14856.0
t305,12694.768425412814,2352.2315745871865,-0.0,0.0,0.0,0.0,0.0,0.0,0.0,-15047.0
t306,12641.928053705054,2497.0719462949446,-0.0,0.0,0.0,0.0,0.0,0.0,0.0,-15139.0
t307,15448.75844603049,0.0,-499.7584460304906,0.0,0.0,0.0,0.0,0.0,0.0,-14949.0
t308,14486.0,0.0,-0.0,0.0,0.0,0.0,0.0,0.0,0.0,-14486.0
t309,20436.0,0.0,-6000.0,0.0,0.0,0.0,0.0,0.0,0.0,-14436.0
t310,20121.000000000004,0.0,-6000.0,0.0,0.0,0.0,0.0,0.0,0.0,-14121.0
t311,15889.642676482372,0.0,-2789.6426764823727,0.0,0.0,0.0,0.0,0.0,0.0,-13100.0
t312,13485.045838349137,0.0,-1515.0458383491366,0.0,0.0,0.0,0.0,0.0,0.0,-11970.0
t313,13685.009551596484,0.0,-2677.0095515964867,0.0,0.0,0.0,0.0,0.0,0.0,-11008.0
t314,16273.166387355552,0.0,-5883.1663873555535,0.0,0.0,0.0,0.0,0.0,0.0,-10390.0
t315,4000.0,6000.0,-0.0,0.0,0.0,0.0,0.0,0.0,0.0,-10000.0
t316,3905.9347763296055,5852.065223670394,-0.0,0.0,0.0,0.0,0.0,0.0,0.0,-9758.0
t317,3784.881646582657,5877.118353417342,-0.0,0.0,0.0,0.0,0.0,0.0,0.0,-9662.0
t318,6871.732282385703,2695.2677176142975,-0.0,0.0,0.0,0.0,0.0,0.0,0.0,-9567.0
t319,5424.485501586834,4434.514498413166,-0.0,0.0,0.0,0.0,0.0,0.0,0.0,-9859.0
t320,10457.73721106807,284.26278893193046,-0.0,0.0,0.0,0.0,0.0,0.0,0.0,-10742.0
t321,11409.889953737607,539.1100462623913,-0.0,0.0,0.0,0.0,0.0,0.0,0.0,-11949.0
t322,13044.0,0.0,-0.0,0.0,0.0,0.0,0.0,0.0,0.0,-13044.0
t323,13944.0,0.0,-0.0,0.0,0.0,0.0,0.0,0.0,0.0,-13944.0
t324,14673.0,0.0,-0.0,0.0,0.0,0.0,0.0,0.0,0.0,-14673.0
t325,15190.0,0.0,-0.0,0.0,0.0,0.0,0.0,0.0,0.0,-15190.0
t326,16169.685929822268,0.0,-681.6859298222688,0.0,0.0,0.0,0.0,0.0,0.0,-15488.0
t327,18823.6693376029,0.0,-3060.669337602903,0.0,0.0,0.0,0.0,0.0,0.0,-15763.0
t328,17843.82954392542,0.0,-1801.8295439254234,0.0,0.0,0.0,0.0,0.0,0.0,-16042.000000000002
t329,20011.233392871887,0.0,-3599.2333928718867,0.0,0.0,0.0,0.0,0.0,0.0,-16412.0
t330,18270.121082678943,0.0,-1627.1210826789422,0.0,0.0,0.0,0.0,0.0,0.0,-16643.0
t331,18439.949399194702,0.0,-1974.9493991947008,0.0,0.0,0.0,0.0,0.0,0.0,-16465.0
t332,11256.225303968864,4767.774696031138,-0.0,0.0,0.0,0.0,0.0,0.0,0.0,-16024.0
t333,19737.090099465742,0.0,-3703.0900994657436,0.0,0.0,0.0,0.0,0.0,0.0,-16033.999999999998
t334,21631.999999999996,0.0,-6000.0,0.0,0.0,0.0,0.0,0.0,0.0,-15632.0
t335,20413.0,0.0,-6000.0,0.0,0.0,0.0,0.0,0.0,0.0,-14413.0
t336,19088.0,0.0,-6000.0,0.0,0.0,0.0,0.0,0.0,0.0,-13088.0
t337,10794.0,0.0,-0.0,0.0,0.0,0.0,0.0,0.0,0.0,-10794.0
t338,10419.0,0.0,-0.0,0.0,0.0,0.0,0.0,0.0,0.0,-10419.0
t339,10263.0,0.0,-0.0,0.0,0.0,0.0,0.0,0.0,0.0,-10263.0
t340,10270.0,0.0,-0.0,0.0,0.0,0.0,0.0,0.0,0.0,-10270.0
t341,10649.0,0.0,-0.0,0.0,0.0,0.0,0.0,0.0,0.0,-10649.0
t342,11731.0,0.0,-0.0,0.0,0.0,0.0,0.0,0.0,0.0,-11731.0
t343,11881.22977045915,1755.7702295408503,-0.0,0.0,0.0,0.0,0.0,0.0,0.0,-13637.0
t344,12731.342312461826,1868.6576875381747,-0.0,0.0,0.0,0.0,0.0,0.0,0.0,-14600.0
t345,14261.804798168892,421.1952018311066,-0.0,0.0,0.0,0.0,0.0,0.0,0.0,-14683.0
t346,16586.87380294449,0.0,-1878.873802944491,0.0,0.0,0.0,0.0,0.0,0.0,-14708.0
t347,20373.46222448089,157.26888775955672,-5842.7311122404435,0.0,0.0,0.0,0.0,0.0,0.0,-14688.0
t348,16481.090772809057,2060.9546135954715,-3939.0453864045285,0.0,0.0,0.0,0.0,0.0,0.0,-14603.0
t349,20485.0,0.0,-6000.0,0.0,0.0,0.0,0.0,0.0,0.0,-14485.0
t350,20378.999999999996,0.0,-6000.0,0.0,0.0,0.0,0.0,0.0,0.0,-14379.0
t351,20232.0,0.0,-6000.0,0.0,0.0,0.0,0.0,0.0,0.0,-14232.0
t352,20384.999999999996,0.0,-6000.0,0.0,0.0,0.0,0.0,0.0,0.0,-14385.0
t353,15570.0,0.0,-0.0,0.0,0.0,0.0,0.0,0.0,0.0,-15570.0
t354,13117.422019749645,3623.577980250354,-0.0,0.0,0.0,0.0,0.0,0.0,0.0,-16741.0
t355,12525.068519116196,4194.931480883802,-0.0,0.0,0.0,0.0,0.0,0.0,0.0,-16720.0
t356,12077.095964926631,4285.904035073368,-0.0,0.0,0.0,0.0,0.0,0.0,0.0,-16363.0
t357,12216.748519462926,3502.2514805370733,-0.0,0.0,0.0,0.0,0.0,0.0,0.0,-15719.0
t358,12437.095620315999,2219.9043796840006,-0.0,0.0,0.0,0.0,0.0,0.0,0.0,-14657.0
t359,12706.52415345903,555.4758465409705,-0.0,0.0,0.0,0.0,0.0,0.0,0.0,-13262.0
t360,12965.122669348313,0.0,-957.1226693483133,0.0,0.0,0.0,0.0,0.0,0.0,-12008.0
t361,13128.92458328932,0.0,-1896.9245832893198,0.0,0.0,0.0,0.0,0.0,0.0,-11232.0
t362,13214.954806969847,0.0,-2389.9548069698462,0.0,0.0,0.0,0.0,0.0,0.0,-10825.0
t363,13257.132124785816,0.0,-2625.132124785817,0.0,0.0,0.0,0.0,0.0,0.0,-10632.0
t364,13258.493850736602,0.0,-2636.4938507366037,0.0,0.0,0.0,0.0,0.0,0.0,-10622.0
t365,13187.654782829823,0.0,-2239.654782829823,0.0,0.0,0.0,0.0,0.0,0.0,-10948.0
t366,12962.320785203385,0.0,-978.3207852033858,0.0,0.0,0.0,0.0,0.0,0.0,-11984.0
t367,12569.059438049631,1309.9405619503689,-0.0,0.0,0.0,0.0,0.0,0.0,0.0,-13879.0
t368,12353.435802888787,2536.5641971112136,-0.0,0.0,0.0,0.0,0.0,0.0,0.0,-14890.0
t369,14005.486661334233,1128.5133386657678,-0.0,0.0,0.0,0.0,0.0,0.0,0.0,-15134.0
t370,16288.568674982436,0.0,-1047.5686749824351,0.0,0.0,0.0,0.0,0.0,0.0,-15241.0
t371,17929.546438859383,0.0,-2569.546438859381,0.0,0.0,0.0,0.0,0.0,0.0,-15360.0
t372,18410.31680882431,0.0,-3003.3168088243115,0.0,0.0,0.0,0.0,0.0,0.0,-15407.0
t373,17554.567601834944,0.0,-2169.567601834941,0.0,0.0,0.0,0.0,0.0,0.0,-15385.0
t374,16876.198633077503,0.0,-1504.1986330775023,0.0,0.0,0.0,0.0,0.0,0.0,-15372.0
t375,17051.552197910758,0.0,-1766.5521979107589,0.0,0.0,0.0,0.0,0.0,0.0,-15285.0
t376,15082.66772679273,399.3322732072694,-0.0,0.0,0.0,0.0,0.0,0.0,0.0,-15482.0
t377,12034.197785573138,4509.802214426862,-0.0,0.0,0.0,0.0,0.0,0.0,0.0,-16544.0
t378,11893.598127201254,5353.401872798745,-0.0,0.0,0.0,0.0,0.0,0.0,0.0,-17247.0
t379,11938.551759024107,5175.448240975894,-0.0,0.0,0.0,0.0,0.0,0.0,0.0,-17114.0
t380,12081.134243302244,4575.865756697759,-0.0,0.0,0.0,0.0,0.0,0.0,0.0,-16657.0
t381,12248.40066989487,3687.59933010513,-0.0,0.0,0.0,0.0,0.0,0.0,0.0,-15936.0
t382,12540.230784359752,2242.7692156402486,-0.0,0.0,0.0,0.0,0.0,0.0,0.0,-14783.0
t383,12854.454100035067,487.54589996493274,-0.0,0.0,0.0,0.0,0.0,0.0,0.0,-13342.0
t384,12825.820880167323,0.0,-773.8208801673228,0.0,0.0,0.0,0.0,0.0,0.0,-12052.0
t385,12881.470737110214,0.0,-1669.4707371102152,0.0,0.0,0.0,0.0,0.0,0.0,-11212.0
t386,13071.713180213976,0.0,-2306.7131802139756,0.0,0.0,0.0,0.0,0.0,0.0,-10765.0
t387,12987.993956911765,0.0,-2405.9939569117646,0.0,0.0,0.0,0.0,0.0,0.0,-10582.0
t388,13288.643389683419,0.0,-2708.6433896834183,0.0,0.0,0.0,0.0,0.0,0.0,-10580.0
t389,13145.25563201211,0.0,-2232.255632012109,0.0,0.0,0.0,0.0,0.0,0.0,-10913.0
t390,13180.528533879835,0.0,-1213.5285338798346,0.0,0.0,0.0,0.0,0.0,0.0,-11967.0
t391,13047.040712240752,844.9592877592462,-0.0,0.0,0.0,0.0,0.0,0.0,0.0,-13892.0
t392,12655.428713924708,2253.571286075292,-0.0,0.0,0.0,0.0,0.0,0.0,0.0,-14909.0
t393,15945.720179761123,0.0,-924.7201797611215,0.0,0.0,0.0,0.0,0.0,0.0,-15021.0
t394,19137.218736583352,0.0,-4090.2187365833524,0.0,0.0,0.0,0.0,0.0,0.0,-15047.0
t395,20234.872199718284,0.0,-5144.872199718283,0.0,0.0,0.0,0.0,0.0,0.0,-15090.0
t396,16936.155618159995,0.0,-1964.1556181599942,0.0,0.0,0.0,0.0,0.0,0.0,-14972.0
t397,17204.666791278098,0.0,-2415.666791278097,0.0,0.0,0.0,0.0,0.0,0.0,-14789.0
t398,17365.18065937459,0.0,-2620.180659374592,0.0,0.0,0.0,0.0,0.0,0.0,-14745.0
t399,17124.273367460242,0.0,-2417.273367460245,0.0,0.0,0.0,0.0,0.0,0.0,-14707.0
t400,14923.0,0.0,-0.0,0.0,0.0,0.0,0.0,0.0,0.0,-14923.0
t401,12304.04267820913,3785.9573217908696,-0.0,0.0,0.0,0.0,0.0,0.0,0.0,-16090.0
t402,12024.204046502831,4999.79595349717,-0.0,0.0,0.0,0.0,0.0,0.0,0.0,-17024.0
t403,12176.894496323857,4752.10550367614,-0.0,0.0,0.0,0.0,0.0,0.0,0.0,-16929.0
t404,12076.337864314843,4478.6621356851565,-0.0,0.0,0.0,0.0,0.0,0.0,0.0,-16555.0
t405,12399.84867260591,3560.1513273940905,-0.0,0.0,0.0,0.0,0.0,0.0,0.0,-15960.0
t406,12604.4052162186,2338.5947837813997,-0.0,0.0,0.0,0.0,0.0,0.0,0.0,-14943.0
t407,12732.805866596518,822.1941334034823,-0.0,0.0,0.0,0.0,0.0,0.0,0.0,-13555.0
t408,13091.232085325923,0.0,-805.2320853259225,0.0,0.0,0.0,0.0,0.0,0.0,-12286.0
t409,11467.0,0.0,-0.0,0.0,0.0,0.0,0.0,0.0,0.0,-11467.0
t410,11058.0,0.0,-0.0,0.0,0.0,0.0,0.0,0.0,0.0,-11058.0
t411,10887.0,0.0,-0.0,0.0,0.0,0.0,0.0,0.0,0.0,-10887.0
t412,12341.69931344294,0.0,-1454.699313442939,0.0,0.0,0.0,0.0,0.0,0.0,-10887.0
t413,11199.0,0.0,-0.0,0.0,0.0,0.0,0.0,0.0,0.0,-11199.0
t414,12282.0,0.0,-0.0,0.0,0.0,0.0,0.0,0.0,0.0,-12282.0
t415,14718.890581858774,0.0,-499.8905818587722,0.0,0.0,0.0,0.0,0.0,0.0,-14219.0
t416,12791.08667559677,2335.913324403229,-0.0,0.0,0.0,0.0,0.0,0.0,0.0,-15127.0
t417,15125.0,0.0,-0.0,0.0,0.0,0.0,0.0,0.0,0.0,-15125.0
t418,15018.0,0.0,-0.0,0.0,0.0,0.0,0.0,0.0,0.0,-15018.0
t419,16058.223446063732,0.0,-1094.2234460637312,0.0,0.0,0.0,0.0,0.0,0.0,-14964.0
t420,20852.0,0.0,-6000.0,0.0,0.0,0.0,0.0,0.0,0.0,-14852.0
t421,20628.999999999996,0.0,-6000.0,0.0,0.0,0.0,0.0,0.0,0.0,-14629.0
t422,20554.000000000004,0.0,-6000.0,0.0,0.0,0.0,0.0,0.0,0.0,-14554.0
t423,20425.0,0.0,-6000.0,0.0,0.0,0.0,0.0,0.0,0.0,-14425.0
t424,20595.0,0.0,-6000.0,0.0,0.0,0.0,0.0,0.0,0.0,-14595.0
t425,15719.0,0.0,-0.0,0.0,0.0,0.0,0.0,0.0,0.0,-15719.0
t426,16444.94995006098,289.05004993901963,-0.0,0.0,0.0,0.0,0.0,0.0,0.0,-16734.0
t427,14529.89778519182,2269.1022148081765,-0.0,0.0,0.0,0.0,0.0,0.0,0.0,-16799.0
t428,16469.0,0.0,-0.0,0.0,0.0,0.0,0.0,0.0,0.0,-16469.0
t429,18623.259434646516,0.0,-2798.2594346465185,0.0,0.0,0.0,0.0,0.0,0.0,-15825.0
t430,14781.0,0.0,-0.0,0.0,0.0,0.0,0.0,0.0,0.0,-14781.0
t431,13370.0,0.0,-0.0,0.0,0.0,0.0,0.0,0.0,0.0,-13370.0
t432,12072.0,0.0,-0.0,0.0,0.0,0.0,0.0,0.0,0.0,-12072.0
t433,11235.0,0.0,-0.0,0.0,0.0,0.0,0.0,0.0,0.0,-11235.0
t434,10810.0,0.0,-0.0,0.0,0.0,0.0,0.0,0.0,0.0,-10810.0
t435,10602.0,0.0,-0.0,0.0,0.0,0.0,0.0,0.0,0.0,-10602.0
t436,10616.0,0.0,-0.0,0.0,0.0,0.0,0.0,0.0,0.0,-10616.0
t437,10957.0,0.0,-0.0,0.0,0.0,0.0,0.0,0.0,0.0,-10957.0
t438,11422.656895886646,622.3431041133533,-0.0,0.0,0.0,0.0,0.0,0.0,0.0,-12045.0
t439,11281.726810256529,2662.2731897434714,-0.0,0.0,0.0,0.0,0.0,0.0,0.0,-13944.0
t440,11218.500969015833,3692.499030984166,-0.0,0.0,0.0,0.0,0.0,0.0,0.0,-14911.0
t441,13774.662160819793,1375.337839180208,-0.0,0.0,0.0,0.0,0.0,0.0,0.0,-15150.0
t442,19223.065600780807,0.0,-4006.065600780808,0.0,0.0,0.0,0.0,0.0,0.0,-15217.0
t443,18188.18249864332,0.0,-3024.1824986433244,0.0,0.0,0.0,0.0,0.0,0.0,-15164.0
t444,17786.52762882893,0.0,-2740.5276288289333,0.0,0.0,0.0,0.0,0.0,0.0,-15046.0
t445,17072.249703080135,0.0,-2172.2497030801346,0.0,0.0,0.0,0.0,0.0,0.0,-14900.0
t446,14952.969408512638,0.0,-94.9694085126369,0.0,0.0,0.0,0.0,0.0,0.0,-14858.0
t447,14810.0,0.0,-0.0,0.0,0.0,0.0,0.0,0.0,0.0,-14810.0
t448,15038.000000000002,0.0,-0.0,0.0,0.0,0.0,0.0,0.0,0.0,-15038.0
t449,12284.433931147363,3912.5660688526355,-0.0,0.0,0.0,0.0,0.0,0.0,0.0,-16197.0
t450,12064.429400982479,4744.570599017519,-0.0,0.0,0.0,0.0,0.0,0.0,0.0,-16809.0
t451,12068.688080461381,4477.311919538619,-0.0,0.0,0.0,0.0,0.0,0.0,0.0,-16546.0
t452,12161.098530285522,3961.9014697144776,-0.0,0.0,0.0,0.0,0.0,0.0,0.0,-16123.000000000002
t453,12463.707420315393,3125.2925796846084,-0.0,0.0,0.0,0.0,0.0,0.0,0.0,-15589.0
t454,12502.485520326281,2274.5144796737177,-0.0,0.0,0.0,0.0,0.0,0.0,0.0,-14777.0
t455,12422.892539613436,1211.1074603865645,-0.0,0.0,0.0,0.0,0.0,0.0,0.0,-13634.0
t456,12447.0,0.0,-0.0,0.0,0.0,0.0,0.0,0.0,0.0,-12447.0
t457,12574.42119344981,0.0,-1026.42119344981,0.0,0.0,0.0,0.0,0.0,0.0,-11548.0
t458,11024.0,0.0,-0.0,0.0,0.0,0.0,0.0,0.0,0.0,-11024.0
t459,12938.310904562175,0.0,-2164.310904562177,0.0,0.0,0.0,0.0,0.0,0.0,-10774.0
t460,12788.449980014388,0.0,-2098.4499800143885,0.0,0.0,0.0,0.0,0.0,0.0,-10690.0
t461,12814.945884919318,0.0,-2025.9458849193184,0.0,0.0,0.0,0.0,0.0,0.0,-10789.0
t462,12845.970100221597,0.0,-1652.970100221598,0.0,0.0,0.0,0.0,0.0,0.0,-11193.0
t463,12012.0,0.0,-0.0,0.0,0.0,0.0,0.0,0.0,0.0,-12012.0
t464,13012.492143761237,0.0,-86.49214376123737,0.0,0.0,0.0,0.0,0.0,0.0,-12926.0
t465,16350.332214827904,0.0,-2423.332214827903,0.0,0.0,0.0,0.0,0.0,0.0,-13927.0
t466,19081.989095990648,0.0,-4496.989095990649,0.0,0.0,0.0,0.0,0.0,0.0,-14585.0
t467,14946.837860765267,0.0,-56.837860765267756,0.0,0.0,0.0,0.0,0.0,0.0,-14890.0
t468,14955.598952767472,0.0,-31.598952767473598,0.0,0.0,0.0,0.0,0.0,0.0,-14924.0
t469,14906.128784397473,0.0,-47.128784397473034,0.0,0.0,0.0,0.0,0.0,0.0,-14859.0
t470,14716.0,0.0,-0.0,0.0,0.0,0.0,0.0,0.0,0.0,-14716.0
t471,16592.67498802125,0.0,-1974.6749880212492,0.0,0.0,0.0,0.0,0.0,0.0,-14618.0
t472,17091.91461474616,0.0,-2292.914614746163,0.0,0.0,0.0,0.0,0.0,0.0,-14799.0
t473,12344.596842177029,3444.4031578229724,-0.0,0.0,0.0,0.0,0.0,0.0,0.0,-15789.0
t474,12275.738724559587,3942.2612754404126,-0.0,0.0,0.0,0.0,0.0,0.0,0.0,-16218.0
t475,12258.543479051432,3693.4565209485672,-0.0,0.0,0.0,0.0,0.0,0.0,0.0,-15952.0
t476,12338.579283824141,3093.4207161758586,-0.0,0.0,0.0,0.0,0.0,0.0,0.0,-15432.0
t477,12364.425649584076,2536.5743504159236,-0.0,0.0,0.0,0.0,0.0,0.0,0.0,-14901.0
t478,12600.21223137009,1568.7877686299103,-0.0,0.0,0.0,0.0,0.0,0.0,0.0,-14169.0
t479,12387.643572937843,770.356427062156,-0.0,0.0,0.0,0.0,0.0,0.0,0.0,-13158.0
t480,12368.047760581316,0.0,-321.04776058131534,0.0,0.0,0.0,0.0,0.0,0.0,-12047.0
t481,11184.0,0.0,-0.0,0.0,0.0,0.0,0.0,0.0,0.0,-11184.0
t482,10643.0,0.0,-0.0,0.0,0.0,0.0,0.0,0.0,0.0,-10643.0
t483,10321.0,0.0,-0.0,0.0,0.0,0.0,0.0,0.0,0.0,-10321.0
t484,10174.0,0.0,-0.0,0.0,0.0,0.0,0.0,0.0,0.0,-10174.0
t485,10187.0,0.0,-0.0,0.0,0.0,0.0,0.0,0.0,0.0,-10187.0
t486,10433.0,0.0,-0.0,0.0,0.0,0.0,0.0,0.0,0.0,-10433.0
t487,10959.0,0.0,-0.0,0.0,0.0,0.0,0.0,0.0,0.0,-10959.0
t488,11635.0,0.0,-0.0,0.0,0.0,0.0,0.0,0.0,0.0,-11635.0
t489,12549.0,0.0,-0.0,0.0,0.0,0.0,0.0,0.0,0.0,-12549.0
t490,13218.0,0.0,-0.0,0.0,0.0,0.0,0.0,0.0,0.0,-13218.0
t491,13520.0,0.0,-0.0,0.0,0.0,0.0,0.0,0.0,0.0,-13520.0
t492,13618.0,0.0,-0.0,0.0,0.0,0.0,0.0,0.0,0.0,-13618.0
t493,13627.0,0.0,-0.0,0.0,0.0,0.0,0.0,0.0,0.0,-13627.0
t494,14026.425543488513,0.0,-549.4255434885114,0.0,0.0,0.0,0.0,0.0,0.0,-13477.0
t495,13625.669682532462,0.0,-282.66968253246193,0.0,0.0,0.0,0.0,0.0,0.0,-13343.0
t496,13536.0,0.0,-0.0,0.0,0.0,0.0,0.0,0.0,0.0,-13536.0
t497,14105.426595371888,758.5734046281125,-0.0,0.0,0.0,0.0,0.0,0.0,0.0,-14864.0
t498,13254.99923232167,2424.0007676783293,-0.0,0.0,0.0,0.0,0.0,0.0,0.0,-15679.0
t499,15250.132157408321,249.86784259167914,-0.0,0.0,0.0,0.0,0.0,0.0,0.0,-15500.0
t500,15063.0,0.0,-0.0,0.0,0.0,0.0,0.0,0.0,0.0,-15063.0
t501,14879.72192721344,0.0,-469.7219272134401,0.0,0.0,0.0,0.0,0.0,0.0,-14410.0
t502,12965.427360806543,397.5726391934557,-0.0,0.0,0.0,0.0,0.0,0.0,0.0,-13363.0
t503,15838.741981512907,0.0,-3767.7419815129074,0.0,0.0,0.0,0.0,0.0,0.0,-12071.0
t504,11892.058489789217,0.0,-1012.0584897892178,0.0,0.0,0.0,0.0,0.0,0.0,-10880.0
t505,17332.0,0.0,-6000.0,0.0,0.0,0.0,0.0,0.0,0.0,-11332.0
t506,11272.133448873483,2750.4332755632586,-3249.5667244367414,0.0,0.0,0.0,0.0,0.0,0.0,-10773.0
t507,4564.999999999999,6000.0,-0.0,0.0,0.0,0.0,0.0,0.0,0.0,-10565.0
t508,12987.868590508964,1775.5657047455175,-4224.434295254483,0.0,0.0,0.0,0.0,0.0,0.0,-10539.0
t509,15937.531756111488,475.73412194425566,-5524.265878055744,0.0,0.0,0.0,0.0,0.0,0.0,-10889.0
t510,9494.549255929356,4209.225372035321,-1790.774627964679,0.0,0.0,0.0,0.0,0.0,0.0,-11913.0
t511,17191.717641817606,1291.6411790911964,-4708.358820908804,0.0,0.0,0.0,0.0,0.0,0.0,-13775.0
t512,10189.335130538524,5436.832434730738,-563.1675652692617,0.0,0.0,0.0,0.0,0.0,0.0,-15063.0
t513,16393.557973594194,2530.2210132029036,-3469.7789867970964,0.0,0.0,0.0,0.0,0.0,0.0,-15454.0
t514,21037.50724248774,284.24637875613,-5715.75362124387,0.0,0.0,0.0,0.0,0.0,0.0,-15606.0
t515,15170.356056771701,590.6439432282971,-0.0,0.0,0.0,0.0,0.0,0.0,0.0,-15761.0
t516,16482.830745780124,0.0,-697.8307457801242,0.0,0.0,0.0,0.0,0.0,0.0,-15785.0
t517,13277.735759576484,2408.264240423515,-0.0,0.0,0.0,0.0,0.0,0.0,0.0,-15686.0
t518,13243.301853571758,2380.6981464282408,-0.0,0.0,0.0,0.0,0.0,0.0,0.0,-15624.0
t519,13196.999320934086,2317.000679065914,-0.0,0.0,0.0,0.0,0.0,0.0,0.0,-15514.0
t520,9917.181024287753,5805.818975712247,-0.0,0.0,0.0,0.0,0.0,0.0,0.0,-15723.0
t521,11570.931031274275,5329.068968725724,-0.0,0.0,0.0,0.0,0.0,0.0,0.0,-16900.0
t522,14664.873343296005,2908.1266567039943,-0.0,0.0,0.0,0.0,0.0,0.0,0.0,-17573.0
t523,16377.338564336767,1021.6614356632325,-0.0,0.0,0.0,0.0,0.0,0.0,0.0,-17399.0
t524,14504.26215244216,2456.7378475578384,-0.0,0.0,0.0,0.0,0.0,0.0,0.0,-16961.0
t525,12954.42603637043,3337.5739636295716,-0.0,0.0,0.0,0.0,0.0,0.0,0.0,-16292.000000000002
t526,16357.023054235797,0.0,-1198.0230542357954,0.0,0.0,0.0,0.0,0.0,0.0,-15159.0
t527,17594.986573789647,1014.0067131051774,-4985.9932868948235,0.0,0.0,0.0,0.0,0.0,0.0,-13623.0
t528,17035.42520631162,561.7873968441911,-5438.212603155809,0.0,0.0,0.0,0.0,0.0,0.0,-12159.0
t529,5157.0,6000.0,-0.0,0.0,0.0,0.0,0.0,0.0,0.0,-11157.0
t530,12140.479063010673,2261.260468494664,-3738.739531505336,0.0,0.0,0.0,0.0,0.0,0.0,-10663.0
t531,16390.0,0.0,-6000.0,0.0,0.0,0.0,0.0,0.0,0.0,-10390.0
t532,10342.298626499567,2997.3506867502174,-3002.6493132497826,0.0,0.0,0.0,0.0,0.0,0.0,-10337.0
t533,16602.0,0.0,-6000.0,0.0,0.0,0.0,0.0,0.0,0.0,-10602.0
t534,17598.0,0.0,-6000.0,0.0,0.0,0.0,0.0,0.0,0.0,-11598.0
t535,19454.0,0.0,-6000.0,0.0,0.0,0.0,0.0,0.0,0.0,-13454.0
t536,20497.10884148589,73.44557925705519,-5926.554420742945,0.0,0.0,0.0,0.0,0.0,0.0,-14644.0
t537,8837.0,6000.0,-0.0,0.0,0.0,0.0,0.0,0.0,0.0,-14837.0
t538,19956.43464989148,474.28267505426015,-5525.71732494574,0.0,0.0,0.0,0.0,0.0,0.0,-14905.0
t539,17439.965696728974,1777.0171516355138,-4222.982848364486,0.0,0.0,0.0,0.0,0.0,0.0,-14994.0
t540,14092.60126069411,3437.199369652945,-2562.800630347055,0.0,0.0,0.0,0.0,0.0,0.0,-14967.0
t541,16681.665637052854,2063.6671814735723,-3936.3328185264277,0.0,0.0,0.0,0.0,0.0,0.0,-14809.0
t542,14847.547559888948,592.6318664713855,-700.1794263603325,0.0,0.0,0.0,0.0,0.0,0.0,-14740.0
t543,14628.0,0.0,-0.0,0.0,0.0,0.0,0.0,0.0,0.0,-14628.0
t544,14806.999999999998,0.0,-0.0,0.0,0.0,0.0,0.0,0.0,0.0,-14807.0
t545,12591.91707854327,3363.0829214567298,-0.0,0.0,0.0,0.0,0.0,0.0,0.0,-15955.0
t546,10933.7363847868,5866.263615213203,-0.0,0.0,0.0,0.0,0.0,0.0,0.0,-16800.0
t547,10690.999999999998,6000.0,-0.0,0.0,0.0,0.0,0.0,0.0,0.0,-16691.0
t548,10309.000000000002,6000.0,-0.0,0.0,0.0,0.0,0.0,0.0,0.0,-16309.000000000002
t549,12779.187156716702,2913.812843283296,-0.0,0.0,0.0,0.0,0.0,0.0,0.0,-15693.0
t550,10835.208466042935,3821.791533957064,-0.0,0.0,0.0,0.0,0.0,0.0,0.0,-14657.0
t551,15874.306294794476,0.0,-2665.3062947944763,0.0,0.0,0.0,0.0,0.0,0.0,-13209.0
t552,13272.16950417191,2255.915247914045,-3744.084752085955,0.0,0.0,0.0,0.0,0.0,0.0,-11784.0
t553,10618.506910468735,3073.2465447656327,-2926.7534552343673,0.0,0.0,0.0,0.0,0.0,0.0,-10765.0
t554,16258.0,0.0,-6000.0,0.0,0.0,0.0,0.0,0.0,0.0,-10258.0
t555,16047.0,0.0,-6000.0,0.0,0.0,0.0,0.0,0.0,0.0,-10047.0
t556,16045.000000000002,0.0,-6000.0,0.0,0.0,0.0,0.0,0.0,0.0,-10045.0
t557,16387.0,0.0,-6000.0,0.0,0.0,0.0,0.0,0.0,0.0,-10387.0
t558,17432.000000000004,0.0,-6000.0,0.0,0.0,0.0,0.0,0.0,0.0,-11432.0
t559,13859.133448873481,2750.4332755632586,-3249.5667244367414,0.0,0.0,0.0,0.0,0.0,0.0,-13360.0
t560,14986.133448873483,2750.4332755632586,-3249.5667244367414,0.0,0.0,0.0,0.0,0.0,0.0,-14487.0
t561,15147.133448873483,2750.4332755632586,-3249.5667244367414,0.0,0.0,0.0,0.0,0.0,0.0,-14648.0
t562,8674.0,6000.0,-0.0,0.0,0.0,0.0,0.0,0.0,0.0,-14674.0
t563,9317.69400991916,5681.652995040419,-318.34700495958043,0.0,0.0,0.0,0.0,0.0,0.0,-14681.0
t564,9808.617795037624,5399.191102481187,-600.8088975188128,0.0,0.0,0.0,0.0,0.0,0.0,-14607.0
t565,9187.569633140773,5643.215183429615,-356.7848165703857,0.0,0.0,0.0,0.0,0.0,0.0,-14474.0
t566,9023.928371434617,5733.035814282692,-266.96418571730794,0.0,0.0,0.0,0.0,0.0,0.0,-14490.0
t567,20477.0,0.0,-6000.0,0.0,0.0,0.0,0.0,0.0,0.0,-14477.0
t568,9261.253706134039,5707.3731469329805,-292.62685306701934,0.0,0.0,0.0,0.0,0.0,0.0,-14676.0
t569,21942.0,0.0,-6000.0,0.0,0.0,0.0,0.0,0.0,0.0,-15942.0
t570,22956.0,0.0,-6000.0,0.0,0.0,0.0,0.0,0.0,0.0,-16956.0
t571,22901.0,0.0,-6000.0,0.0,0.0,0.0,0.0,0.0,0.0,-16901.0
t572,13870.804768562553,4341.597615718722,-1658.4023842812776,0.0,0.0,0.0,0.0,0.0,0.0,-16554.0
t573,22012.0,0.0,-6000.0,0.0,0.0,0.0,0.0,0.0,0.0,-16012.0
t574,21033.0,0.0,-6000.0,0.0,0.0,0.0,0.0,0.0,0.0,-15033.0
t575,19585.0,0.0,-6000.0,0.0,0.0,0.0,0.0,0.0,0.0,-13585.0
t576,12563.358141352652,2780.820929323674,-3219.179070676326,0.0,0.0,0.0,0.0,0.0,0.0,-12125.0
t577,11720.908756394312,2720.045621802844,-3279.954378197156,0.0,0.0,0.0,0.0,0.0,0.0,-11161.0
t578,11129.133448873483,2750.4332755632586,-3249.5667244367414,0.0,0.0,0.0,0.0,0.0,0.0,-10630.0
t579,10905.133448873483,2750.4332755632586,-3249.5667244367414,0.0,0.0,0.0,0.0,0.0,0.0,-10406.0
t580,10906.133448873483,2750.4332755632586,-3249.5667244367414,0.0,0.0,0.0,0.0,0.0,0.0,-10407.0
t581,11255.133448873483,2750.4332755632586,-3249.5667244367414,0.0,0.0,0.0,0.0,0.0,0.0,-10756.0
t582,11852.0,0.0,-0.0,0.0,0.0,0.0,0.0,0.0,0.0,-11852.0
t583,9891.02897380447,3919.9710261955292,-0.0,0.0,0.0,0.0,0.0,0.0,0.0,-13811.0
t584,12526.213846737382,2294.786153262617,-0.0,0.0,0.0,0.0,0.0,0.0,0.0,-14821.0
t585,9148.56431022403,5814.435689775969,-0.0,0.0,0.0,0.0,0.0,0.0,0.0,-14963.0
t586,13199.804027017353,1711.1959729826456,-0.0,0.0,0.0,0.0,0.0,0.0,0.0,-14911.0
t587,14823.0,0.0,-0.0,0.0,0.0,0.0,0.0,0.0,0.0,-14823.0
t588,14223.774745878329,445.225254121671,-0.0,0.0,0.0,0.0,0.0,0.0,0.0,-14669.0
t589,14452.0,0.0,-0.0,0.0,0.0,0.0,0.0,0.0,0.0,-14452.0
t590,14423.0,0.0,-0.0,0.0,0.0,0.0,0.0,0.0,0.0,-14423.0
t591,14473.0,0.0,-0.0,0.0,0.0,0.0,0.0,0.0,0.0,-14473.0
t592,14794.0,0.0,-0.0,0.0,0.0,0.0,0.0,0.0,0.0,-14794.0
t593,10027.999999999998,6000.0,-0.0,0.0,0.0,0.0,0.0,0.0,0.0,-16027.999999999998
t594,14991.120299850732,1914.8797001492658,-0.0,0.0,0.0,0.0,0.0,0.0,0.0,-16906.0
t595,15387.834590251148,1418.165409748851,-0.0,0.0,0.0,0.0,0.0,0.0,0.0,-16806.0
t596,20388.037758505212,0.0,-3903.037758505212,0.0,0.0,0.0,0.0,0.0,0.0,-16485.0
t597,14698.965348429614,1320.034651570386,-0.0,0.0,0.0,0.0,0.0,0.0,0.0,-16018.999999999998
t598,9060.0,6000.0,-0.0,0.0,0.0,0.0,0.0,0.0,0.0,-15060.0
t599,13187.21178509782,429.78821490218166,-0.0,0.0,0.0,0.0,0.0,0.0,0.0,-13617.0
t600,14966.166814389266,0.0,-2758.166814389266,0.0,0.0,0.0,0.0,0.0,0.0,-12208.0
t601,15143.930148459967,1033.5349257700166,-4966.465074229984,0.0,0.0,0.0,0.0,0.0,0.0,-11211.0
t602,8387.992473760722,4128.503763119639,-1871.4962368803608,0.0,0.0,0.0,0.0,0.0,0.0,-10645.0
t603,10451.751686933569,2960.1241565332152,-3039.8758434667848,0.0,0.0,0.0,0.0,0.0,0.0,-10372.0
t604,16369.0,0.0,-6000.0,0.0,0.0,0.0,0.0,0.0,0.0,-10369.0
t605,16625.999999999996,0.0,-6000.0,0.0,0.0,0.0,0.0,0.0,0.0,-10626.0
t606,17569.000000000004,0.0,-6000.0,0.0,0.0,0.0,0.0,0.0,0.0,-11569.0
t607,19323.999999999996,0.0,-6000.0,0.0,0.0,0.0,0.0,0.0,0.0,-13324.0
t608,20603.0,0.0,-6000.0,0.0,0.0,0.0,0.0,0.0,0.0,-14603.0
t609,9030.0,6000.0,-0.0,0.0,0.0,0.0,0.0,0.0,0.0,-15030.0
t610,9240.0,6000.0,-0.0,0.0,0.0,0.0,0.0,0.0,0.0,-15240.0
t611,17815.667244367418,1752.166377816292,-4247.833622183708,0.0,0.0,0.0,0.0,0.0,0.0,-15320.0
t612,21259.999999999996,0.0,-6000.0,0.0,0.0,0.0,0.0,0.0,0.0,-15260.0
t613,20980.999999999996,0.0,-6000.0,0.0,0.0,0.0,0.0,0.0,0.0,-14981.0
t614,15266.133448873485,2750.4332755632586,-3249.5667244367414,0.0,0.0,0.0,0.0,0.0,0.0,-14767.0
t615,14974.133448873483,2750.4332755632586,-3249.5667244367414,0.0,0.0,0.0,0.0,0.0,0.0,-14475.0
t616,14899.133448873485,2750.4332755632586,-3249.5667244367414,0.0,0.0,0.0,0.0,0.0,0.0,-14400.0
t617,15940.133448873483,2750.4332755632586,-3249.5667244367414,0.0,0.0,0.0,0.0,0.0,0.0,-15441.0
t618,11202.266897746966,5500.866551126517,-499.13344887348313,0.0,0.0,0.0,0.0,0.0,0.0,-16204.0
t619,21948.999999999996,0.0,-6000.0,0.0,0.0,0.0,0.0,0.0,0.0,-15949.0
t620,16002.13344887348,2750.4332755632586,-3249.5667244367414,0.0,0.0,0.0,0.0,0.0,0.0,-15503.0
t621,15471.133448873483,2750.4332755632586,-3249.5667244367414,0.0,0.0,0.0,0.0,0.0,0.0,-14972.0
t622,8225.0,6000.0,-0.0,0.0,0.0,0.0,0.0,0.0,0.0,-14225.0
t623,7129.0,6000.0,-0.0,0.0,0.0,0.0,0.0,0.0,0.0,-13129.0
t624,8931.636403553415,4466.1817982232915,-1533.818201776708,0.0,0.0,0.0,0.0,0.0,0.0,-11864.0
t625,12354.21338230388,2289.3933088480594,-3710.6066911519406,0.0,0.0,0.0,0.0,0.0,0.0,-10933.0
t626,11191.755972508305,2592.1220137458477,-3407.8779862541523,0.0,0.0,0.0,0.0,0.0,0.0,-10376.0
t627,9256.595281495749,3406.2023592521264,-2593.7976407478736,0.0,0.0,0.0,0.0,0.0,0.0,-10069.0
t628,15983.0,0.0,-6000.0,0.0,0.0,0.0,0.0,0.0,0.0,-9983.0
t629,16079.0,0.0,-6000.0,0.0,0.0,0.0,0.0,0.0,0.0,-10079.0
t630,16432.0,0.0,-6000.0,0.0,0.0,0.0,0.0,0.0,0.0,-10432.0
t631,6662.628598971319,5273.18570051434,-726.8142994856597,0.0,0.0,0.0,0.0,0.0,0.0,-11209.0
t632,6093.999999999999,6000.0,-0.0,0.0,0.0,0.0,0.0,0.0,0.0,-12094.0
t633,7099.999999999999,6000.0,-0.0,0.0,0.0,0.0,0.0,0.0,0.0,-13100.0
t634,7760.999999999999,6000.0,-0.0,0.0,0.0,0.0,0.0,0.0,0.0,-13761.0
t635,9363.118327038774,5306.940836480614,-693.0591635193864,0.0,0.0,0.0,0.0,0.0,0.0,-13977.0
t636,18854.78944799438,586.6052760028106,-5413.394723997189,0.0,0.0,0.0,0.0,0.0,0.0,-14028.0
t637,14995.383350527965,2468.3083247360178,-3531.6916752639822,0.0,0.0,0.0,0.0,0.0,0.0,-13932.0
t638,9617.374392802722,5102.812803598639,-897.1871964013607,0.0,0.0,0.0,0.0,0.0,0.0,-13823.0
t639,19805.0,0.0,-6000.0,0.0,0.0,0.0,0.0,0.0,0.0,-13805.0
t640,8365.441513931773,5837.779243034112,-162.22075696588777,0.0,0.0,0.0,0.0,0.0,0.0,-14041.0
t641,21272.000000000004,0.0,-6000.0,0.0,0.0,0.0,0.0,0.0,0.0,-15272.0
t642,22250.0,0.0,-6000.0,0.0,0.0,0.0,0.0,0.0,0.0,-16250.0
t643,13838.532999582281,4181.733500208861,-1818.2664997911388,0.0,0.0,0.0,0.0,0.0,0.0,-16202.000000000002
t644,21860.0,0.0,-6000.0,0.0,0.0,0.0,0.0,0.0,0.0,-15860.0
t645,21448.999999999996,0.0,-6000.0,0.0,0.0,0.0,0.0,0.0,0.0,-15449.0
t646,20849.0,0.0,-6000.0,0.0,0.0,0.0,0.0,0.0,0.0,-14849.0
t647,19865.000000000004,0.0,-6000.0,0.0,0.0,0.0,0.0,0.0,0.0,-13865.0
t648,7695.266897746965,5500.866551126517,-499.13344887348313,0.0,0.0,0.0,0.0,0.0,0.0,-12697.0
t649,17735.0,0.0,-6000.0,0.0,0.0,0.0,0.0,0.0,0.0,-11735.0
t650,11621.133448873483,2750.4332755632586,-3249.5667244367414,0.0,0.0,0.0,0.0,0.0,0.0,-11122.0
t651,11296.133448873483,2750.4332755632586,-3249.5667244367414,0.0,0.0,0.0,0.0,0.0,0.0,-10797.0
t652,11144.133448873483,2750.4332755632586,-3249.5667244367414,0.0,0.0,0.0,0.0,0.0,0.0,-10645.0
t653,4672.000000000001,6000.0,-0.0,0.0,0.0,0.0,0.0,0.0,0.0,-10672.0
t654,16962.0,0.0,-6000.0,0.0,0.0,0.0,0.0,0.0,0.0,-10962.0
t655,5551.0,6000.0,-0.0,0.0,0.0,0.0,0.0,0.0,0.0,-11551.0
t656,18188.000000000004,0.0,-6000.0,0.0,0.0,0.0,0.0,0.0,0.0,-12188.0
t657,15515.667244367418,1752.166377816292,-4247.833622183708,0.0,0.0,0.0,0.0,0.0,0.0,-13020.0
t658,14064.133448873483,2750.4332755632586,-3249.5667244367414,0.0,0.0,0.0,0.0,0.0,0.0,-13565.0
t659,10818.067505803307,4464.966247098347,-1535.0337529016533,0.0,0.0,0.0,0.0,0.0,0.0,-13748.0
t660,10425.722794001804,4720.638602999099,-1279.3613970009012,0.0,0.0,0.0,0.0,0.0,0.0,-13867.0
t661,16278.743495688828,1816.1282521555843,-4183.871747844416,0.0,0.0,0.0,0.0,0.0,0.0,-13911.0
t662,19817.999999999996,0.0,-6000.0,0.0,0.0,0.0,0.0,0.0,0.0,-13818.0
t663,7710.000000000001,6000.0,-0.0,0.0,0.0,0.0,0.0,0.0,0.0,-13710.0
t664,7795.999999999999,6000.0,-0.0,0.0,0.0,0.0,0.0,0.0,0.0,-13796.0
t665,9038.0,6000.0,-0.0,0.0,0.0,0.0,0.0,0.0,0.0,-15038.0
t666,13023.10455199557,4532.447724002216,-1467.5522759977841,0.0,0.0,0.0,0.0,0.0,0.0,-16088.000000000002
t667,11873.213701452492,5101.393149273754,-898.6068507262455,0.0,0.0,0.0,0.0,0.0,0.0,-16076.0
t668,18270.940122459277,1755.529938770362,-4244.470061229638,0.0,0.0,0.0,0.0,0.0,0.0,-15782.0
t669,21392.0,0.0,-6000.0,0.0,0.0,0.0,0.0,0.0,0.0,-15392.0
t670,18932.209561700976,865.3952191495123,-5134.604780850488,0.0,0.0,0.0,0.0,0.0,0.0,-14663.0
t671,19619.999999999996,0.0,-6000.0,0.0,0.0,0.0,0.0,0.0,0.0,-13620.0
t672,18387.999999999996,0.0,-6000.0,0.0,0.0,0.0,0.0,0.0,0.0,-12388.0
