Resource,natural_gas_combined_cycle,solar_pv,onshore_wind,battery,Total
Zone,1,1,1,1,0
AnnualSum,0.0,0.0,3.560223727991303e7,0.0,3.560223727991303e7
t1,0.0,0.0,18479.03940827775,0.0,18479.03940827775
t2,0.0,0.0,4662.361438835461,0.0,4662.361438835461
t3,0.0,0.0,5834.018617952829,0.0,5834.018617952829
t4,0.0,0.0,5829.168123813286,0.0,5829.168123813286
t5,0.0,0.0,17491.583651391138,0.0,17491.583651391138
t6,0.0,0.0,0.0,0.0,0.0
t7,0.0,0.0,9962.23583312694,0.0,9962.23583312694
t8,0.0,0.0,0.0,0.0,0.0
t9,0.0,0.0,9495.277074827176,0.0,9495.277074827176
t10,0.0,0.0,0.0,0.0,0.0
t11,0.0,0.0,0.0,0.0,0.0
t12,0.0,0.0,0.0,0.0,0.0
t13,0.0,0.0,0.0,0.0,0.0
t14,0.0,0.0,216.16818306844672,0.0,216.16818306844672
t15,0.0,0.0,2100.2268273656614,0.0,2100.2268273656614
t16,0.0,0.0,716.9813800678506,0.0,716.9813800678506
t17,0.0,0.0,0.0,0.0,0.0
t18,0.0,0.0,0.0,0.0,0.0
t19,0.0,0.0,3209.2861632363174,0.0,3209.2861632363174
t20,0.0,0.0,21257.63864299956,0.0,21257.63864299956
t21,0.0,0.0,3845.5350452285375,0.0,3845.5350452285375
t22,0.0,0.0,22660.536343300435,0.0,22660.536343300435
t23,0.0,0.0,2551.246868905615,0.0,2551.246868905615
t24,0.0,0.0,17168.43898023623,0.0,17168.43898023623
t25,0.0,0.0,10152.12470367024,0.0,10152.12470367024
t26,0.0,0.0,18044.565439033995,0.0,18044.565439033995
t27,0.0,0.0,0.0,0.0,0.0
t28,0.0,0.0,7051.071407297023,0.0,7051.071407297023
t29,0.0,0.0,5246.660519727008,0.0,5246.660519727008
t30,0.0,0.0,7787.909517699687,0.0,7787.909517699687
t31,0.0,0.0,4967.330848876721,0.0,4967.330848876721
t32,0.0,0.0,11678.873649600226,0.0,11678.873649600226
t33,0.0,0.0,15862.778590786622,0.0,15862.778590786622
t34,0.0,0.0,20493.144747942388,0.0,20493.144747942388
t35,0.0,0.0,26050.52034763932,0.0,26050.52034763932
t36,0.0,0.0,18308.67627501555,0.0,18308.67627501555
t37,0.0,0.0,27797.460019074795,0.0,27797.460019074795
t38,0.0,0.0,27628.65600292624,0.0,27628.65600292624
t39,0.0,0.0,16213.628515323591,0.0,16213.628515323591
t40,0.0,0.0,26672.50427670558,0.0,26672.50427670558
t41,0.0,0.0,4943.973841956552,0.0,4943.973841956552
t42,0.0,0.0,10512.938062807107,0.0,10512.938062807107
t43,0.0,0.0,13482.19874910412,0.0,13482.19874910412
t44,0.0,0.0,0.0,0.0,0.0
t45,0.0,0.0,0.0,0.0,0.0
t46,0.0,0.0,2244.8820083547216,0.0,2244.8820083547216
t47,0.0,0.0,7739.743972295699,0.0,7739.743972295699
t48,0.0,0.0,1262.2944199498393,0.0,1262.2944199498393
t49,0.0,0.0,11671.588520978916,0.0,11671.588520978916
t50,0.0,0.0,9320.43237985401,0.0,9320.43237985401
t51,0.0,0.0,0.0,0.0,0.0
t52,0.0,0.0,5401.702101634246,0.0,5401.702101634246
t53,0.0,0.0,5749.462799800447,0.0,5749.462799800447
t54,0.0,0.0,6772.637686412196,0.0,6772.637686412196
t55,0.0,0.0,7569.025616772646,0.0,7569.025616772646
t56,0.0,0.0,0.0,0.0,0.0
t57,0.0,0.0,11288.0557134956,0.0,11288.0557134956
t58,0.0,0.0,24889.211057711964,0.0,24889.211057711964
t59,0.0,0.0,15862.49513434294,0.0,15862.49513434294
t60,0.0,0.0,27368.548694949128,0.0,27368.548694949128
t61,0.0,0.0,18786.821014626832,0.0,18786.821014626832
t62,0.0,0.0,17669.72992849062,0.0,17669.72992849062
t63,0.0,0.0,21893.861358378308,0.0,21893.861358378308
t64,0.0,0.0,20427.473644214,0.0,20427.473644214
t65,0.0,0.0,9566.55805375703,0.0,9566.55805375703
t66,0.0,0.0,12779.595325319486,0.0,12779.595325319486
t67,0.0,0.0,19025.37773204648,0.0,19025.37773204648
t68,0.0,0.0,14656.501884324849,0.0,14656.501884324849
t69,0.0,0.0,6430.52298762149,0.0,6430.52298762149
t70,0.0,0.0,1211.4347524709538,0.0,1211.4347524709538
t71,0.0,0.0,3350.3032120198027,0.0,3350.3032120198027
t72,0.0,0.0,23097.951287340038,0.0,23097.951287340038
t73,0.0,0.0,5628.957159670868,0.0,5628.957159670868
t74,0.0,0.0,5828.939664031839,0.0,5828.939664031839
t75,0.0,0.0,12382.984296754963,0.0,12382.984296754963
t76,0.0,0.0,12012.495936009625,0.0,12012.495936009625
t77,0.0,0.0,11688.993546396481,0.0,11688.993546396481
t78,0.0,0.0,17583.852484799914,0.0,17583.852484799914
t79,0.0,0.0,0.0,0.0,0.0
t80,0.0,0.0,11846.462354392452,0.0,11846.462354392452
t81,0.0,0.0,6225.754522118491,0.0,6225.754522118491
t82,0.0,0.0,1604.8445956379371,0.0,1604.8445956379371
t83,0.0,0.0,4775.748491601973,0.0,4775.748491601973
t84,0.0,0.0,1990.1173419833556,0.0,1990.1173419833556
t85,0.0,0.0,0.0,0.0,0.0
t86,0.0,0.0,0.0,0.0,0.0
t87,0.0,0.0,0.0,0.0,0.0
t88,0.0,0.0,0.0,0.0,0.0
t89,0.0,0.0,0.0,0.0,0.0
t90,0.0,0.0,0.0,0.0,0.0
t91,0.0,0.0,0.0,0.0,0.0
t92,0.0,0.0,0.0,0.0,0.0
t93,0.0,0.0,0.0,0.0,0.0
t94,0.0,0.0,0.0,0.0,0.0
t95,0.0,0.0,0.0,0.0,0.0
t96,0.0,0.0,0.0,0.0,0.0
t97,0.0,0.0,0.0,0.0,0.0
t98,0.0,0.0,0.0,0.0,0.0
t99,0.0,0.0,0.0,0.0,0.0
t100,0.0,0.0,0.0,0.0,0.0
t101,0.0,0.0,0.0,0.0,0.0
t102,0.0,0.0,0.0,0.0,0.0
t103,0.0,0.0,0.0,0.0,0.0
t104,0.0,0.0,0.0,0.0,0.0
t105,0.0,0.0,0.0,0.0,0.0
t106,0.0,0.0,0.0,0.0,0.0
t107,0.0,0.0,0.0,0.0,0.0
t108,0.0,0.0,0.0,0.0,0.0
t109,0.0,0.0,0.0,0.0,0.0
t110,0.0,0.0,0.0,0.0,0.0
t111,0.0,0.0,8295.02828967276,0.0,8295.02828967276
t112,0.0,0.0,5033.554007123915,0.0,5033.554007123915
t113,0.0,0.0,0.0,0.0,0.0
t114,0.0,0.0,0.0,0.0,0.0
t115,0.0,0.0,1008.8187547918963,0.0,1008.8187547918963
t116,0.0,0.0,0.0,0.0,0.0
t117,0.0,0.0,0.0,0.0,0.0
t118,0.0,0.0,0.0,0.0,0.0
t119,0.0,0.0,0.0,0.0,0.0
t120,0.0,0.0,0.0,0.0,0.0
t121,0.0,0.0,0.0,0.0,0.0
t122,0.0,0.0,0.0,0.0,0.0
t123,0.0,0.0,0.0,0.0,0.0
t124,0.0,0.0,0.0,0.0,0.0
t125,0.0,0.0,0.0,0.0,0.0
t126,0.0,0.0,0.0,0.0,0.0
t127,0.0,0.0,0.0,0.0,0.0
t128,0.0,0.0,0.0,0.0,0.0
t129,0.0,0.0,0.0,0.0,0.0
t130,0.0,0.0,0.0,0.0,0.0
t131,0.0,0.0,0.0,0.0,0.0
t132,0.0,0.0,0.0,0.0,0.0
t133,0.0,0.0,0.0,0.0,0.0
t134,0.0,0.0,0.0,0.0,0.0
t135,0.0,0.0,0.0,0.0,0.0
t136,0.0,0.0,0.0,0.0,0.0
t137,0.0,0.0,0.0,0.0,0.0
t138,0.0,0.0,0.0,0.0,0.0
t139,0.0,0.0,0.0,0.0,0.0
t140,0.0,0.0,0.0,0.0,0.0
t141,0.0,0.0,0.0,0.0,0.0
t142,0.0,0.0,0.0,0.0,0.0
t143,0.0,0.0,0.0,0.0,0.0
t144,0.0,0.0,0.0,0.0,0.0
t145,0.0,0.0,0.0,0.0,0.0
t146,0.0,0.0,0.0,0.0,0.0
t147,0.0,0.0,0.0,0.0,0.0
t148,0.0,0.0,0.0,0.0,0.0
t149,0.0,0.0,0.0,0.0,0.0
t150,0.0,0.0,0.0,0.0,0.0
t151,0.0,0.0,0.0,0.0,0.0
t152,0.0,0.0,0.0,0.0,0.0
t153,0.0,0.0,0.0,0.0,0.0
t154,0.0,0.0,0.0,0.0,0.0
t155,0.0,0.0,5949.998152395452,0.0,5949.998152395452
t156,0.0,0.0,0.0,0.0,0.0
t157,0.0,0.0,6160.251240327796,0.0,6160.251240327796
t158,0.0,0.0,720.1277634362899,0.0,720.1277634362899
t159,0.0,0.0,2262.7718666964524,0.0,2262.7718666964524
t160,0.0,0.0,11369.765003437542,0.0,11369.765003437542
t161,0.0,0.0,0.0,0.0,0.0
t162,0.0,0.0,11054.472997946179,0.0,11054.472997946179
t163,0.0,0.0,1850.4043630952083,0.0,1850.4043630952083
t164,0.0,0.0,1406.768989072873,0.0,1406.768989072873
t165,0.0,0.0,20632.615643308283,0.0,20632.615643308283
t166,0.0,0.0,2205.970404527779,0.0,2205.970404527779
t167,0.0,0.0,22730.192287781527,0.0,22730.192287781527
t168,0.0,0.0,25421.73137788503,0.0,25421.73137788503
t169,0.0,0.0,3511.049470699,0.0,3511.049470699
t170,0.0,0.0,12648.635746328819,0.0,12648.635746328819
t171,0.0,0.0,22023.471043592013,0.0,22023.471043592013
t172,0.0,0.0,2467.2079558795303,0.0,2467.2079558795303
t173,0.0,0.0,5132.533659882359,0.0,5132.533659882359
t174,0.0,0.0,18976.519360087303,0.0,18976.519360087303
t175,0.0,0.0,0.0,0.0,0.0
t176,0.0,0.0,18418.383289294878,0.0,18418.383289294878
t177,0.0,0.0,2507.086412704652,0.0,2507.086412704652
t178,0.0,0.0,4451.432677475389,0.0,4451.432677475389
t179,0.0,0.0,5626.665070868077,0.0,5626.665070868077
t180,0.0,0.0,7621.672166340051,0.0,7621.672166340051
t181,0.0,0.0,10735.706122889196,0.0,10735.706122889196
t182,0.0,0.0,16103.126866860961,0.0,16103.126866860961
t183,0.0,0.0,11220.896309973843,0.0,11220.896309973843
t184,0.0,0.0,8707.793171409488,0.0,8707.793171409488
t185,0.0,0.0,2170.2309462420512,0.0,2170.2309462420512
t186,0.0,0.0,0.0,0.0,0.0
t187,0.0,0.0,0.0,0.0,0.0
t188,0.0,0.0,0.0,0.0,0.0
t189,0.0,0.0,0.0,0.0,0.0
t190,0.0,0.0,0.0,0.0,0.0
t191,0.0,0.0,0.0,0.0,0.0
t192,0.0,0.0,0.0,0.0,0.0
t193,0.0,0.0,1099.4197948511442,0.0,1099.4197948511442
t194,0.0,0.0,17082.12392283305,0.0,17082.12392283305
t195,0.0,0.0,8880.960185127642,0.0,8880.960185127642
t196,0.0,0.0,2078.0137839641666,0.0,2078.0137839641666
t197,0.0,0.0,1242.3200013505991,0.0,1242.3200013505991
t198,0.0,0.0,0.0,0.0,0.0
t199,0.0,0.0,0.0,0.0,0.0
t200,0.0,0.0,0.0,0.0,0.0
t201,0.0,0.0,8178.472627787084,0.0,8178.472627787084
t202,0.0,0.0,20652.599756629068,0.0,20652.599756629068
t203,0.0,0.0,25833.23600200753,0.0,25833.23600200753
t204,0.0,0.0,26709.427594725887,0.0,26709.427594725887
t205,0.0,0.0,27603.36992283066,0.0,27603.36992283066
t206,0.0,0.0,27938.52017177874,0.0,27938.52017177874
t207,0.0,0.0,27549.497912891406,0.0,27549.497912891406
t208,0.0,0.0,26449.248104776787,0.0,26449.248104776787
t209,0.0,0.0,27743.84693399547,0.0,27743.84693399547
t210,0.0,0.0,7140.263814214876,0.0,7140.263814214876
t211,0.0,0.0,8123.88951643835,0.0,8123.88951643835
t212,0.0,0.0,1725.1274134966473,0.0,1725.1274134966473
t213,0.0,0.0,0.0,0.0,0.0
t214,0.0,0.0,5592.626689874532,0.0,5592.626689874532
t215,0.0,0.0,0.0,0.0,0.0
t216,0.0,0.0,3329.5941340564495,0.0,3329.5941340564495
t217,0.0,0.0,0.0,0.0,0.0
t218,0.0,0.0,0.0,0.0,0.0
t219,0.0,0.0,7579.293442746245,0.0,7579.293442746245
t220,0.0,0.0,0.0,0.0,0.0
t221,0.0,0.0,0.0,0.0,0.0
t222,0.0,0.0,0.0,0.0,0.0
t223,0.0,0.0,0.0,0.0,0.0
t224,0.0,0.0,0.0,0.0,0.0
t225,0.0,0.0,0.0,0.0,0.0
t226,0.0,0.0,0.0,0.0,0.0
t227,0.0,0.0,0.0,0.0,0.0
t228,0.0,0.0,0.0,0.0,0.0
t229,0.0,0.0,9924.826662870315,0.0,9924.826662870315
t230,0.0,0.0,16996.856967662326,0.0,16996.856967662326
t231,0.0,0.0,22637.829464015114,0.0,22637.829464015114
t232,0.0,0.0,25387.454471362795,0.0,25387.454471362795
t233,0.0,0.0,8596.873955934303,0.0,8596.873955934303
t234,0.0,0.0,10421.599889238347,0.0,10421.599889238347
t235,0.0,0.0,20451.071249051074,0.0,20451.071249051074
t236,0.0,0.0,0.0,0.0,0.0
t237,0.0,0.0,8308.069506232705,0.0,8308.069506232705
t238,0.0,0.0,0.0,0.0,0.0
t239,0.0,0.0,2358.3693835281315,0.0,2358.3693835281315
t240,0.0,0.0,0.0,0.0,0.0
t241,0.0,0.0,0.0,0.0,0.0
t242,0.0,0.0,0.0,0.0,0.0
t243,0.0,0.0,0.0,0.0,0.0
t244,0.0,0.0,0.0,0.0,0.0
t245,0.0,0.0,0.0,0.0,0.0
t246,0.0,0.0,14180.806766807591,0.0,14180.806766807591
t247,0.0,0.0,1287.1489439161633,0.0,1287.1489439161633
t248,0.0,0.0,0.0,0.0,0.0
t249,0.0,0.0,0.0,0.0,0.0
t250,0.0,0.0,7746.370858176704,0.0,7746.370858176704
t251,0.0,0.0,10269.393994668122,0.0,10269.393994668122
t252,0.0,0.0,16143.081046422214,0.0,16143.081046422214
t253,0.0,0.0,11827.963877492113,0.0,11827.963877492113
t254,0.0,0.0,23932.588353418603,0.0,23932.588353418603
t255,0.0,0.0,26000.795274607295,0.0,26000.795274607295
t256,0.0,0.0,24637.930650777995,0.0,24637.930650777995
t257,0.0,0.0,8466.968560810037,0.0,8466.968560810037
t258,0.0,0.0,0.0,0.0,0.0
t259,0.0,0.0,20582.29457076944,0.0,20582.29457076944
t260,0.0,0.0,2553.325411569137,0.0,2553.325411569137
t261,0.0,0.0,2809.338751726475,0.0,2809.338751726475
t262,0.0,0.0,2521.248238517966,0.0,2521.248238517966
t263,0.0,0.0,24994.219456772775,0.0,24994.219456772775
t264,0.0,0.0,26011.126156855353,0.0,26011.126156855353
t265,0.0,0.0,16387.517142158304,0.0,16387.517142158304
t266,0.0,0.0,27276.47596613478,0.0,27276.47596613478
t267,0.0,0.0,6404.163995046453,0.0,6404.163995046453
t268,0.0,0.0,2724.0712244127712,0.0,2724.0712244127712
t269,0.0,0.0,0.0,0.0,0.0
t270,0.0,0.0,0.0,0.0,0.0
t271,0.0,0.0,12018.42523849305,0.0,12018.42523849305
t272,0.0,0.0,6103.805377327405,0.0,6103.805377327405
t273,0.0,0.0,0.0,0.0,0.0
t274,0.0,0.0,0.0,0.0,0.0
t275,0.0,0.0,11009.217529068574,0.0,11009.217529068574
t276,0.0,0.0,10034.903432365918,0.0,10034.903432365918
t277,0.0,0.0,15978.143053799207,0.0,15978.143053799207
t278,0.0,0.0,19122.06665458342,0.0,19122.06665458342
t279,0.0,0.0,27810.026367711318,0.0,27810.026367711318
t280,0.0,0.0,26228.696530437654,0.0,26228.696530437654
t281,0.0,0.0,28031.607899702973,0.0,28031.607899702973
t282,0.0,0.0,7998.950967522777,0.0,7998.950967522777
t283,0.0,0.0,9009.208404147445,0.0,9009.208404147445
t284,0.0,0.0,555.7227617252671,0.0,555.7227617252671
t285,0.0,0.0,11822.824098339303,0.0,11822.824098339303
t286,0.0,0.0,0.0,0.0,0.0
t287,0.0,0.0,0.0,0.0,0.0
t288,0.0,0.0,0.0,0.0,0.0
t289,0.0,0.0,0.0,0.0,0.0
t290,0.0,0.0,0.0,0.0,0.0
t291,0.0,0.0,0.0,0.0,0.0
t292,0.0,0.0,0.0,0.0,0.0
t293,0.0,0.0,0.0,0.0,0.0
t294,0.0,0.0,0.0,0.0,0.0
t295,0.0,0.0,0.0,0.0,0.0
t296,0.0,0.0,0.0,0.0,0.0
t297,0.0,0.0,0.0,0.0,0.0
t298,0.0,0.0,0.0,0.0,0.0
t299,0.0,0.0,0.0,0.0,0.0
t300,0.0,0.0,0.0,0.0,0.0
t301,0.0,0.0,0.0,0.0,0.0
t302,0.0,0.0,387.2059582726131,0.0,387.2059582726131
t303,0.0,0.0,0.0,0.0,0.0
t304,0.0,0.0,0.0,0.0,0.0
t305,0.0,0.0,0.0,0.0,0.0
t306,0.0,0.0,0.0,0.0,0.0
t307,0.0,0.0,0.0,0.0,0.0
t308,0.0,0.0,0.0,0.0,0.0
t309,0.0,0.0,0.0,0.0,0.0
t310,0.0,0.0,0.0,0.0,0.0
t311,0.0,0.0,0.0,0.0,0.0
t312,0.0,0.0,0.0,0.0,0.0
t313,0.0,0.0,0.0,0.0,0.0
t314,0.0,0.0,5226.446751887128,0.0,5226.446751887128
t315,0.0,0.0,18022.311171601097,0.0,18022.311171601097
t316,0.0,0.0,25923.29421769276,0.0,25923.29421769276
t317,0.0,0.0,7899.724749616685,0.0,7899.724749616685
t318,0.0,0.0,18439.67427019317,0.0,18439.67427019317
t319,0.0,0.0,7340.42050983803,0.0,7340.42050983803
t320,0.0,0.0,7733.051016761294,0.0,7733.051016761294
t321,0.0,0.0,27642.65240900342,0.0,27642.65240900342
t322,0.0,0.0,28031.607899702973,0.0,28031.607899702973
t323,0.0,0.0,28031.607899702973,0.0,28031.607899702973
t324,0.0,0.0,28031.607899702973,0.0,28031.607899702973
t325,0.0,0.0,28031.607899702973,0.0,28031.607899702973
t326,0.0,0.0,28031.607899702973,0.0,28031.607899702973
t327,0.0,0.0,28031.607899702973,0.0,28031.607899702973
t328,0.0,0.0,16878.218277452957,0.0,16878.218277452957
t329,0.0,0.0,12506.785740118135,0.0,12506.785740118135
t330,0.0,0.0,22942.610776664067,0.0,22942.610776664067
t331,0.0,0.0,22403.022307347805,0.0,22403.022307347805
t332,0.0,0.0,22734.02230734781,0.0,22734.02230734781
t333,0.0,0.0,4433.193492058141,0.0,4433.193492058141
t334,0.0,0.0,23834.022307347805,0.0,23834.022307347805
t335,0.0,0.0,5220.214153227328,0.0,5220.214153227328
t336,0.0,0.0,22706.823001319313,0.0,22706.823001319313
t337,0.0,0.0,27369.464291357952,0.0,27369.464291357952
t338,0.0,0.0,9158.694323799786,0.0,9158.694323799786
t339,0.0,0.0,25377.673897231958,0.0,25377.673897231958
t340,0.0,0.0,9562.912987082356,0.0,9562.912987082356
t341,0.0,0.0,27662.174290396506,0.0,27662.174290396506
t342,0.0,0.0,7562.996229304779,0.0,7562.996229304779
t343,0.0,0.0,7091.441107706135,0.0,7091.441107706135
t344,0.0,0.0,10423.18991676978,0.0,10423.18991676978
t345,0.0,0.0,27701.38154284052,0.0,27701.38154284052
t346,0.0,0.0,27978.519454197103,0.0,27978.519454197103
t347,0.0,0.0,28019.52456677012,0.0,28019.52456677012
t348,0.0,0.0,28031.607899702973,0.0,28031.607899702973
t349,0.0,0.0,28031.607899702973,0.0,28031.607899702973
t350,0.0,0.0,28031.607899702973,0.0,28031.607899702973
t351,0.0,0.0,28031.607899702973,0.0,28031.607899702973
t352,0.0,0.0,28020.263059480236,0.0,28020.263059480236
t353,0.0,0.0,24230.126109484696,0.0,24230.126109484696
t354,0.0,0.0,7647.083980526311,0.0,7647.083980526311
t355,0.0,0.0,4163.917144404817,0.0,4163.917144404817
t356,0.0,0.0,9299.874519397414,0.0,9299.874519397414
t357,0.0,0.0,16998.31204291218,0.0,16998.31204291218
t358,0.0,0.0,13964.378233614363,0.0,13964.378233614363
t359,0.0,0.0,19912.63312030044,0.0,19912.63312030044
t360,0.0,0.0,3938.9128650670777,0.0,3938.9128650670777
t361,0.0,0.0,11640.844602767007,0.0,11640.844602767007
t362,0.0,0.0,24998.912297080245,0.0,24998.912297080245
t363,0.0,0.0,5607.235437648004,0.0,5607.235437648004
t364,0.0,0.0,14944.57578121979,0.0,14944.57578121979
t365,0.0,0.0,2703.0042272222126,0.0,2703.0042272222126
t366,0.0,0.0,7521.219245861827,0.0,7521.219245861827
t367,0.0,0.0,9590.428607231395,0.0,9590.428607231395
t368,0.0,0.0,0.0,0.0,0.0
t369,0.0,0.0,13162.97353096524,0.0,13162.97353096524
t370,0.0,0.0,22956.90125049137,0.0,22956.90125049137
t371,0.0,0.0,25224.765634572384,0.0,25224.765634572384
t372,0.0,0.0,16921.894771783933,0.0,16921.894771783933
t373,0.0,0.0,14285.211075975916,0.0,14285.211075975916
t374,0.0,0.0,23065.87507927614,0.0,23065.87507927614
t375,0.0,0.0,21273.552767251596,0.0,21273.552767251596
t376,0.0,0.0,14434.862002594575,0.0,14434.862002594575
t377,0.0,0.0,10496.00089093147,0.0,10496.00089093147
t378,0.0,0.0,15102.529039620717,0.0,15102.529039620717
t379,0.0,0.0,10386.635460689573,0.0,10386.635460689573
t380,0.0,0.0,9698.329230525067,0.0,9698.329230525067
t381,0.0,0.0,1108.1444626244163,0.0,1108.1444626244163
t382,0.0,0.0,22773.142645099953,0.0,22773.142645099953
t383,0.0,0.0,1494.7650177534406,0.0,1494.7650177534406
t384,0.0,0.0,3690.916195288251,0.0,3690.916195288251
t385,0.0,0.0,505.17260273003114,0.0,505.17260273003114
t386,0.0,0.0,3647.9380826640586,0.0,3647.9380826640586
t387,0.0,0.0,22103.09690520085,0.0,22103.09690520085
t388,0.0,0.0,11550.19265970341,0.0,11550.19265970341
t389,0.0,0.0,0.0,0.0,0.0
t390,0.0,0.0,0.0,0.0,0.0
t391,0.0,0.0,0.0,0.0,0.0
t392,0.0,0.0,2154.5852051491297,0.0,2154.5852051491297
t393,0.0,0.0,0.0,0.0,0.0
t394,0.0,0.0,0.0,0.0,0.0
t395,0.0,0.0,0.0,0.0,0.0
t396,0.0,0.0,0.0,0.0,0.0
t397,0.0,0.0,0.0,0.0,0.0
t398,0.0,0.0,0.0,0.0,0.0
t399,0.0,0.0,1297.3778596160423,0.0,1297.3778596160423
t400,0.0,0.0,2639.429023904354,0.0,2639.429023904354
t401,0.0,0.0,7754.047940510001,0.0,7754.047940510001
t402,0.0,0.0,6149.244306890594,0.0,6149.244306890594
t403,0.0,0.0,2104.2200475706104,0.0,2104.2200475706104
t404,0.0,0.0,0.0,0.0,0.0
t405,0.0,0.0,0.0,0.0,0.0
t406,0.0,0.0,0.0,0.0,0.0
t407,0.0,0.0,0.0,0.0,0.0
t408,0.0,0.0,0.0,0.0,0.0
t409,0.0,0.0,0.0,0.0,0.0
t410,0.0,0.0,0.0,0.0,0.0
t411,0.0,0.0,0.0,0.0,0.0
t412,0.0,0.0,0.0,0.0,0.0
t413,0.0,0.0,17461.967900477834,0.0,17461.967900477834
t414,0.0,0.0,5306.641080190179,0.0,5306.641080190179
t415,0.0,0.0,10303.871776078558,0.0,10303.871776078558
t416,0.0,0.0,0.0,0.0,0.0
t417,0.0,0.0,0.0,0.0,0.0
t418,0.0,0.0,4606.84264288518,0.0,4606.84264288518
t419,0.0,0.0,8724.684189189971,0.0,8724.684189189971
t420,0.0,0.0,6440.6432742757925,0.0,6440.6432742757925
t421,0.0,0.0,14570.077916922584,0.0,14570.077916922584
t422,0.0,0.0,11698.742750606936,0.0,11698.742750606936
t423,0.0,0.0,15206.050660438043,0.0,15206.050660438043
t424,0.0,0.0,20348.712094770435,0.0,20348.712094770435
t425,0.0,0.0,1961.2179972456474,0.0,1961.2179972456474
t426,0.0,0.0,1795.056065547545,0.0,1795.056065547545
t427,0.0,0.0,0.0,0.0,0.0
t428,0.0,0.0,0.0,0.0,0.0
t429,0.0,0.0,0.0,0.0,0.0
t430,0.0,0.0,0.0,0.0,0.0
t431,0.0,0.0,0.0,0.0,0.0
t432,0.0,0.0,0.0,0.0,0.0
t433,0.0,0.0,0.0,0.0,0.0
t434,0.0,0.0,0.0,0.0,0.0
t435,0.0,0.0,0.0,0.0,0.0
t436,0.0,0.0,17488.9919015093,0.0,17488.9919015093
t437,0.0,0.0,0.0,0.0,0.0
t438,0.0,0.0,15324.097067751562,0.0,15324.097067751562
t439,0.0,0.0,2271.4626365879126,0.0,2271.4626365879126
t440,0.0,0.0,4776.084674011129,0.0,4776.084674011129
t441,0.0,0.0,0.0,0.0,0.0
t442,0.0,0.0,2046.594924912152,0.0,2046.594924912152
t443,0.0,0.0,6991.946131424761,0.0,6991.946131424761
t444,0.0,0.0,10386.061542412817,0.0,10386.061542412817
t445,0.0,0.0,6466.998070128984,0.0,6466.998070128984
t446,0.0,0.0,6312.730152604506,0.0,6312.730152604506
t447,0.0,0.0,13686.491507501389,0.0,13686.491507501389
t448,0.0,0.0,12169.745746273415,0.0,12169.745746273415
t449,0.0,0.0,14864.189841398209,0.0,14864.189841398209
t450,0.0,0.0,4461.5403317611,0.0,4461.5403317611
t451,0.0,0.0,21562.862137635773,0.0,21562.862137635773
t452,0.0,0.0,15046.510061351559,0.0,15046.510061351559
t453,0.0,0.0,0.0,0.0,0.0
t454,0.0,0.0,1802.6696915110385,0.0,1802.6696915110385
t455,0.0,0.0,1051.9923228045798,0.0,1051.9923228045798
t456,0.0,0.0,5587.888623213204,0.0,5587.888623213204
t457,0.0,0.0,12977.05144059709,0.0,12977.05144059709
t458,0.0,0.0,14523.015269082749,0.0,14523.015269082749
t459,0.0,0.0,25029.723164449857,0.0,25029.723164449857
t460,0.0,0.0,26798.934761278277,0.0,26798.934761278277
t461,0.0,0.0,27820.086179896767,0.0,27820.086179896767
t462,0.0,0.0,7693.641840247899,0.0,7693.641840247899
t463,0.0,0.0,6082.196539263503,0.0,6082.196539263503
t464,0.0,0.0,8886.580308332228,0.0,8886.580308332228
t465,0.0,0.0,3052.9911778908286,0.0,3052.9911778908286
t466,0.0,0.0,1710.7722817853887,0.0,1710.7722817853887
t467,0.0,0.0,2571.997434635199,0.0,2571.997434635199
t468,0.0,0.0,4639.952472798533,0.0,4639.952472798533
t469,0.0,0.0,2814.36300537204,0.0,2814.36300537204
t470,0.0,0.0,3136.711695529653,0.0,3136.711695529653
t471,0.0,0.0,9471.49972416918,0.0,9471.49972416918
t472,0.0,0.0,20660.48765487079,0.0,20660.48765487079
t473,0.0,0.0,10829.764262238672,0.0,10829.764262238672
t474,0.0,0.0,0.0,0.0,0.0
t475,0.0,0.0,7195.587785138048,0.0,7195.587785138048
t476,0.0,0.0,15893.633402011406,0.0,15893.633402011406
t477,0.0,0.0,9641.432853004288,0.0,9641.432853004288
t478,0.0,0.0,0.0,0.0,0.0
t479,0.0,0.0,0.0,0.0,0.0
t480,0.0,0.0,9832.725962967037,0.0,9832.725962967037
t481,0.0,0.0,14589.441176109358,0.0,14589.441176109358
t482,0.0,0.0,0.0,0.0,0.0
t483,0.0,0.0,2666.7821897720287,0.0,2666.7821897720287
t484,0.0,0.0,21680.142017437793,0.0,21680.142017437793
t485,0.0,0.0,22670.58052076615,0.0,22670.58052076615
t486,0.0,0.0,17648.989006689546,0.0,17648.989006689546
t487,0.0,0.0,0.0,0.0,0.0
t488,0.0,0.0,4665.9028026541155,0.0,4665.9028026541155
t489,0.0,0.0,0.0,0.0,0.0
t490,0.0,0.0,6877.001205746458,0.0,6877.001205746458
t491,0.0,0.0,6839.447176548402,0.0,6839.447176548402
t492,0.0,0.0,7365.938429183405,0.0,7365.938429183405
t493,0.0,0.0,10494.63917087614,0.0,10494.63917087614
t494,0.0,0.0,23974.216459473966,0.0,23974.216459473966
t495,0.0,0.0,10780.593149183414,0.0,10780.593149183414
t496,0.0,0.0,22788.830737426728,0.0,22788.830737426728
t497,0.0,0.0,6372.895650495197,0.0,6372.895650495197
t498,0.0,0.0,13267.227638120658,0.0,13267.227638120658
t499,0.0,0.0,0.0,0.0,0.0
t500,0.0,0.0,14077.937852667166,0.0,14077.937852667166
t501,0.0,0.0,5117.282326984995,0.0,5117.282326984995
t502,0.0,0.0,0.0,0.0,0.0
t503,0.0,0.0,13160.23899775977,0.0,13160.23899775977
t504,0.0,0.0,1335.5453818820954,0.0,1335.5453818820954
t505,0.0,0.0,0.0,0.0,0.0
t506,0.0,0.0,0.0,0.0,0.0
t507,0.0,0.0,0.0,0.0,0.0
t508,0.0,0.0,0.0,0.0,0.0
t509,0.0,0.0,0.0,0.0,0.0
t510,0.0,0.0,0.0,0.0,0.0
t511,0.0,0.0,0.0,0.0,0.0
t512,0.0,0.0,0.0,0.0,0.0
t513,0.0,0.0,0.0,0.0,0.0
t514,0.0,0.0,0.0,0.0,0.0
t515,0.0,0.0,7047.958627139037,0.0,7047.958627139037
t516,0.0,0.0,12604.485710661276,0.0,12604.485710661276
t517,0.0,0.0,6501.9141720545795,0.0,6501.9141720545795
t518,0.0,0.0,18751.178322776937,0.0,18751.178322776937
t519,0.0,0.0,23466.268951673985,0.0,23466.268951673985
t520,0.0,0.0,21603.69558992251,0.0,21603.69558992251
t521,0.0,0.0,3520.713502111313,0.0,3520.713502111313
t522,0.0,0.0,0.0,0.0,0.0
t523,0.0,0.0,4860.901104996893,0.0,4860.901104996893
t524,0.0,0.0,0.0,0.0,0.0
t525,0.0,0.0,0.0,0.0,0.0
t526,0.0,0.0,0.0,0.0,0.0
t527,0.0,0.0,0.0,0.0,0.0
t528,0.0,0.0,0.0,0.0,0.0
t529,0.0,0.0,337.5066032033693,0.0,337.5066032033693
t530,0.0,0.0,8851.771036643104,0.0,8851.771036643104
t531,0.0,0.0,5945.1583642846335,0.0,5945.1583642846335
t532,0.0,0.0,7977.245083070999,0.0,7977.245083070999
t533,0.0,0.0,0.0,0.0,0.0
t534,0.0,0.0,0.0,0.0,0.0
t535,0.0,0.0,0.0,0.0,0.0
t536,0.0,0.0,0.0,0.0,0.0
t537,0.0,0.0,0.0,0.0,0.0
t538,0.0,0.0,0.0,0.0,0.0
t539,0.0,0.0,8445.379691283606,0.0,8445.379691283606
t540,0.0,0.0,2213.171137221563,0.0,2213.171137221563
t541,0.0,0.0,3483.230479199939,0.0,3483.230479199939
t542,0.0,0.0,4907.634305338495,0.0,4907.634305338495
t543,0.0,0.0,14358.415468655727,0.0,14358.415468655727
t544,0.0,0.0,0.0,0.0,0.0
t545,0.0,0.0,0.0,0.0,0.0
t546,0.0,0.0,0.0,0.0,0.0
t547,0.0,0.0,507.02851558104453,0.0,507.02851558104453
t548,0.0,0.0,0.0,0.0,0.0
t549,0.0,0.0,0.0,0.0,0.0
t550,0.0,0.0,0.0,0.0,0.0
t551,0.0,0.0,0.0,0.0,0.0
t552,0.0,0.0,0.0,0.0,0.0
t553,0.0,0.0,0.0,0.0,0.0
t554,0.0,0.0,0.0,0.0,0.0
t555,0.0,0.0,0.0,0.0,0.0
t556,0.0,0.0,0.0,0.0,0.0
t557,0.0,0.0,0.0,0.0,0.0
t558,0.0,0.0,0.0,0.0,0.0
t559,0.0,0.0,0.0,0.0,0.0
t560,0.0,0.0,0.0,0.0,0.0
t561,0.0,0.0,0.0,0.0,0.0
t562,0.0,0.0,0.0,0.0,0.0
t563,0.0,0.0,0.0,0.0,0.0
t564,0.0,0.0,0.0,0.0,0.0
t565,0.0,0.0,0.0,0.0,0.0
t566,0.0,0.0,0.0,0.0,0.0
t567,0.0,0.0,0.0,0.0,0.0
t568,0.0,0.0,0.0,0.0,0.0
t569,0.0,0.0,0.0,0.0,0.0
t570,0.0,0.0,0.0,0.0,0.0
t571,0.0,0.0,0.0,0.0,0.0
t572,0.0,0.0,0.0,0.0,0.0
t573,0.0,0.0,0.0,0.0,0.0
t574,0.0,0.0,0.0,0.0,0.0
t575,0.0,0.0,0.0,0.0,0.0
t576,0.0,0.0,0.0,0.0,0.0
t577,0.0,0.0,2211.6773641955147,0.0,2211.6773641955147
t578,0.0,0.0,0.0,0.0,0.0
t579,0.0,0.0,0.0,0.0,0.0
t580,0.0,0.0,0.0,0.0,0.0
t581,0.0,0.0,19079.10526752724,0.0,19079.10526752724
t582,0.0,0.0,2696.1548309179993,0.0,2696.1548309179993
t583,0.0,0.0,9820.614703390038,0.0,9820.614703390038
t584,0.0,0.0,0.0,0.0,0.0
t585,0.0,0.0,0.0,0.0,0.0
t586,0.0,0.0,0.0,0.0,0.0
t587,0.0,0.0,8158.467113956048,0.0,8158.467113956048
t588,0.0,0.0,0.0,0.0,0.0
t589,0.0,0.0,0.0,0.0,0.0
t590,0.0,0.0,0.0,0.0,0.0
t591,0.0,0.0,0.0,0.0,0.0
t592,0.0,0.0,0.0,0.0,0.0
t593,0.0,0.0,0.0,0.0,0.0
t594,0.0,0.0,0.0,0.0,0.0
t595,0.0,0.0,0.0,0.0,0.0
t596,0.0,0.0,0.0,0.0,0.0
t597,0.0,0.0,0.0,0.0,0.0
t598,0.0,0.0,0.0,0.0,0.0
t599,0.0,0.0,0.0,0.0,0.0
t600,0.0,0.0,0.0,0.0,0.0
t601,0.0,0.0,0.0,0.0,0.0
t602,0.0,0.0,0.0,0.0,0.0
t603,0.0,0.0,0.0,0.0,0.0
t604,0.0,0.0,0.0,0.0,0.0
t605,0.0,0.0,0.0,0.0,0.0
t606,0.0,0.0,0.0,0.0,0.0
t607,0.0,0.0,0.0,0.0,0.0
t608,0.0,0.0,0.0,0.0,0.0
t609,0.0,0.0,0.0,0.0,0.0
t610,0.0,0.0,0.0,0.0,0.0
t611,0.0,0.0,0.0,0.0,0.0
t612,0.0,0.0,0.0,0.0,0.0
t613,0.0,0.0,0.0,0.0,0.0
t614,0.0,0.0,0.0,0.0,0.0
t615,0.0,0.0,0.0,0.0,0.0
t616,0.0,0.0,0.0,0.0,0.0
t617,0.0,0.0,0.0,0.0,0.0
t618,0.0,0.0,0.0,0.0,0.0
t619,0.0,0.0,0.0,0.0,0.0
t620,0.0,0.0,0.0,0.0,0.0
t621,0.0,0.0,4312.236857020081,0.0,4312.236857020081
t622,0.0,0.0,0.0,0.0,0.0
t623,0.0,0.0,0.0,0.0,0.0
t624,0.0,0.0,59.52952371686315,0.0,59.52952371686315
t625,0.0,0.0,0.0,0.0,0.0
t626,0.0,0.0,0.0,0.0,0.0
t627,0.0,0.0,0.0,0.0,0.0
t628,0.0,0.0,0.0,0.0,0.0
t629,0.0,0.0,0.0,0.0,0.0
t630,0.0,0.0,0.0,0.0,0.0
t631,0.0,0.0,0.0,0.0,0.0
t632,0.0,0.0,0.0,0.0,0.0
t633,0.0,0.0,0.0,0.0,0.0
t634,0.0,0.0,1524.2280620650215,0.0,1524.2280620650215
t635,0.0,0.0,2859.719352312899,0.0,2859.719352312899
t636,0.0,0.0,0.0,0.0,0.0
t637,0.0,0.0,5268.762518862484,0.0,5268.762518862484
t638,0.0,0.0,10230.32748770036,0.0,10230.32748770036
t639,0.0,0.0,2189.09908648134,0.0,2189.09908648134
t640,0.0,0.0,7422.405696088591,0.0,7422.405696088591
t641,0.0,0.0,11973.55332390711,0.0,11973.55332390711
t642,0.0,0.0,8568.444547546282,0.0,8568.444547546282
t643,0.0,0.0,9948.64559917496,0.0,9948.64559917496
t644,0.0,0.0,1364.3635660854354,0.0,1364.3635660854354
t645,0.0,0.0,0.0,0.0,0.0
t646,0.0,0.0,0.0,0.0,0.0
t647,0.0,0.0,0.0,0.0,0.0
t648,0.0,0.0,0.0,0.0,0.0
t649,0.0,0.0,0.0,0.0,0.0
t650,0.0,0.0,0.0,0.0,0.0
t651,0.0,0.0,0.0,0.0,0.0
t652,0.0,0.0,0.0,0.0,0.0
t653,0.0,0.0,0.0,0.0,0.0
t654,0.0,0.0,0.0,0.0,0.0
t655,0.0,0.0,0.0,0.0,0.0
t656,0.0,0.0,0.0,0.0,0.0
t657,0.0,0.0,0.0,0.0,0.0
t658,0.0,0.0,0.0,0.0,0.0
t659,0.0,0.0,0.0,0.0,0.0
t660,0.0,0.0,0.0,0.0,0.0
t661,0.0,0.0,2523.562011787813,0.0,2523.562011787813
t662,0.0,0.0,0.0,0.0,0.0
t663,0.0,0.0,4058.4599210273204,0.0,4058.4599210273204
t664,0.0,0.0,8681.17544978064,0.0,8681.17544978064
t665,0.0,0.0,11252.713614552009,0.0,11252.713614552009
t666,0.0,0.0,0.0,0.0,0.0
t667,0.0,0.0,327.6647060556179,0.0,327.6647060556179
t668,0.0,0.0,0.0,0.0,0.0
t669,0.0,0.0,0.0,0.0,0.0
t670,0.0,0.0,2841.1218821493912,0.0,2841.1218821493912
t671,0.0,0.0,0.0,0.0,0.0
t672,0.0,0.0,0.0,0.0,0.0
t673,0.0,0.0,0.0,0.0,0.0
t674,0.0,0.0,0.0,0.0,0.0
t675,0.0,0.0,0.0,0.0,0.0
t676,0.0,0.0,0.0,0.0,0.0
t677,0.0,0.0,642.5682352283424,0.0,642.5682352283424
t678,0.0,0.0,2568.1429359680515,0.0,2568.1429359680515
t679,0.0,0.0,0.0,0.0,0.0
t680,0.0,0.0,0.0,0.0,0.0
t681,0.0,0.0,0.0,0.0,0.0
t682,0.0,0.0,0.0,0.0,0.0
t683,0.0,0.0,0.0,0.0,0.0
t684,0.0,0.0,0.0,0.0,0.0
t685,0.0,0.0,0.0,0.0,0.0
t686,0.0,0.0,0.0,0.0,0.0
t687,0.0,0.0,0.0,0.0,0.0
t688,0.0,0.0,0.0,0.0,0.0
t689,0.0,0.0,0.0,0.0,0.0
t690,0.0,0.0,0.0,0.0,0.0
t691,0.0,0.0,0.0,0.0,0.0
t692,0.0,0.0,0.0,0.0,0.0
t693,0.0,0.0,0.0,0.0,0.0
t694,0.0,0.0,0.0,0.0,0.0
t695,0.0,0.0,0.0,0.0,0.0
t696,0.0,0.0,0.0,0.0,0.0
t697,0.0,0.0,0.0,0.0,0.0
t698,0.0,0.0,0.0,0.0,0.0
t699,0.0,0.0,0.0,0.0,0.0
t700,0.0,0.0,0.0,0.0,0.0
t701,0.0,0.0,0.0,0.0,0.0
t702,0.0,0.0,0.0,0.0,0.0
t703,0.0,0.0,0.0,0.0,0.0
t704,0.0,0.0,0.0,0.0,0.0
t705,0.0,0.0,0.0,0.0,0.0
t706,0.0,0.0,0.0,0.0,0.0
t707,0.0,0.0,0.0,0.0,0.0
t708,0.0,0.0,0.0,0.0,0.0
t709,0.0,0.0,0.0,0.0,0.0
t710,0.0,0.0,0.0,0.0,0.0
t711,0.0,0.0,0.0,0.0,0.0
t712,0.0,0.0,0.0,0.0,0.0
t713,0.0,0.0,0.0,0.0,0.0
t714,0.0,0.0,0.0,0.0,0.0
t715,0.0,0.0,0.0,0.0,0.0
t716,0.0,0.0,0.0,0.0,0.0
t717,0.0,0.0,0.0,0.0,0.0
t718,0.0,0.0,0.0,0.0,0.0
t719,0.0,0.0,0.0,0.0,0.0
t720,0.0,0.0,0.0,0.0,0.0
t721,0.0,0.0,0.0,0.0,0.0
t722,0.0,0.0,0.0,0.0,0.0
t723,0.0,0.0,0.0,0.0,0.0
t724,0.0,0.0,0.0,0.0,0.0
t725,0.0,0.0,0.0,0.0,0.0
t726,0.0,0.0,0.0,0.0,0.0
t727,0.0,0.0,0.0,0.0,0.0
t728,0.0,0.0,0.0,0.0,0.0
t729,0.0,0.0,0.0,0.0,0.0
t730,0.0,0.0,0.0,0.0,0.0
t731,0.0,0.0,0.0,0.0,0.0
t732,0.0,0.0,0.0,0.0,0.0
t733,0.0,0.0,0.0,0.0,0.0
t734,0.0,0.0,0.0,0.0,0.0
t735,0.0,0.0,0.0,0.0,0.0
t736,0.0,0.0,0.0,0.0,0.0
t737,0.0,0.0,0.0,0.0,0.0
t738,0.0,0.0,0.0,0.0,0.0
t739,0.0,0.0,0.0,0.0,0.0
t740,0.0,0.0,0.0,0.0,0.0
t741,0.0,0.0,0.0,0.0,0.0
t742,0.0,0.0,0.0,0.0,0.0
t743,0.0,0.0,0.0,0.0,0.0
t744,0.0,0.0,0.0,0.0,0.0
t745,0.0,0.0,0.0,0.0,0.0
t746,0.0,0.0,0.0,0.0,0.0
t747,0.0,0.0,0.0,0.0,0.0
t748,0.0,0.0,0.0,0.0,0.0
t749,0.0,0.0,0.0,0.0,0.0
t750,0.0,0.0,0.0,0.0,0.0
t751,0.0,0.0,0.0,0.0,0.0
t752,0.0,0.0,0.0,0.0,0.0
t753,0.0,0.0,0.0,0.0,0.0
t754,0.0,0.0,0.0,0.0,0.0
t755,0.0,0.0,0.0,0.0,0.0
t756,0.0,0.0,0.0,0.0,0.0
t757,0.0,0.0,0.0,0.0,0.0
t758,0.0,0.0,0.0,0.0,0.0
t759,0.0,0.0,0.0,0.0,0.0
t760,0.0,0.0,0.0,0.0,0.0
t761,0.0,0.0,0.0,0.0,0.0
t762,0.0,0.0,0.0,0.0,0.0
t763,0.0,0.0,0.0,0.0,0.0
t764,0.0,0.0,0.0,0.0,0.0
t765,0.0,0.0,0.0,0.0,0.0
t766,0.0,0.0,0.0,0.0,0.0
t767,0.0,0.0,0.0,0.0,0.0
t768,0.0,0.0,0.0,0.0,0.0
t769,0.0,0.0,0.0,0.0,0.0
t770,0.0,0.0,0.0,0.0,0.0
t771,0.0,0.0,0.0,0.0,0.0
t772,0.0,0.0,0.0,0.0,0.0
t773,0.0,0.0,0.0,0.0,0.0
t774,0.0,0.0,0.0,0.0,0.0
t775,0.0,0.0,0.0,0.0,0.0
t776,0.0,0.0,0.0,0.0,0.0
t777,0.0,0.0,0.0,0.0,0.0
t778,0.0,0.0,0.0,0.0,0.0
t779,0.0,0.0,0.0,0.0,0.0
t780,0.0,0.0,0.0,0.0,0.0
t781,0.0,0.0,0.0,0.0,0.0
t782,0.0,0.0,0.0,0.0,0.0
t783,0.0,0.0,0.0,0.0,0.0
t784,0.0,0.0,0.0,0.0,0.0
t785,0.0,0.0,0.0,0.0,0.0
t786,0.0,0.0,0.0,0.0,0.0
t787,0.0,0.0,0.0,0.0,0.0
t788,0.0,0.0,0.0,0.0,0.0
t789,0.0,0.0,0.0,0.0,0.0
t790,0.0,0.0,0.0,0.0,0.0
t791,0.0,0.0,0.0,0.0,0.0
t792,0.0,0.0,0.0,0.0,0.0
t793,0.0,0.0,0.0,0.0,0.0
t794,0.0,0.0,0.0,0.0,0.0
t795,0.0,0.0,0.0,0.0,0.0
t796,0.0,0.0,0.0,0.0,0.0
t797,0.0,0.0,0.0,0.0,0.0
t798,0.0,0.0,0.0,0.0,0.0
t799,0.0,0.0,1659.974081089281,0.0,1659.974081089281
t800,0.0,0.0,0.0,0.0,0.0
t801,0.0,0.0,0.0,0.0,0.0
t802,0.0,0.0,0.0,0.0,0.0
t803,0.0,0.0,0.0,0.0,0.0
t804,0.0,0.0,0.0,0.0,0.0
t805,0.0,0.0,0.0,0.0,0.0
t806,0.0,0.0,0.0,0.0,0.0
t807,0.0,0.0,0.0,0.0,0.0
t808,0.0,0.0,0.0,0.0,0.0
t809,0.0,0.0,0.0,0.0,0.0
t810,0.0,0.0,0.0,0.0,0.0
t811,0.0,0.0,0.0,0.0,0.0
t812,0.0,0.0,0.0,0.0,0.0
t813,0.0,0.0,0.0,0.0,0.0
t814,0.0,0.0,0.0,0.0,0.0
t815,0.0,0.0,0.0,0.0,0.0
t816,0.0,0.0,0.0,0.0,0.0
t817,0.0,0.0,0.0,0.0,0.0
t818,0.0,0.0,0.0,0.0,0.0
t819,0.0,0.0,0.0,0.0,0.0
t820,0.0,0.0,0.0,0.0,0.0
t821,0.0,0.0,0.0,0.0,0.0
t822,0.0,0.0,0.0,0.0,0.0
t823,0.0,0.0,0.0,0.0,0.0
t824,0.0,0.0,0.0,0.0,0.0
t825,0.0,0.0,0.0,0.0,0.0
t826,0.0,0.0,0.0,0.0,0.0
t827,0.0,0.0,0.0,0.0,0.0
t828,0.0,0.0,0.0,0.0,0.0
t829,0.0,0.0,0.0,0.0,0.0
t830,0.0,0.0,0.0,0.0,0.0
t831,0.0,0.0,0.0,0.0,0.0
t832,0.0,0.0,0.0,0.0,0.0
t833,0.0,0.0,0.0,0.0,0.0
t834,0.0,0.0,0.0,0.0,0.0
t835,0.0,0.0,0.0,0.0,0.0
t836,0.0,0.0,0.0,0.0,0.0
t837,0.0,0.0,0.0,0.0,0.0
t838,0.0,0.0,0.0,0.0,0.0
t839,0.0,0.0,0.0,0.0,0.0
t840,0.0,0.0,0.0,0.0,0.0
t841,0.0,0.0,0.0,0.0,0.0
t842,0.0,0.0,0.0,0.0,0.0
t843,0.0,0.0,0.0,0.0,0.0
t844,0.0,0.0,0.0,0.0,0.0
t845,0.0,0.0,0.0,0.0,0.0
t846,0.0,0.0,0.0,0.0,0.0
t847,0.0,0.0,0.0,0.0,0.0
t848,0.0,0.0,0.0,0.0,0.0
t849,0.0,0.0,0.0,0.0,0.0
t850,0.0,0.0,0.0,0.0,0.0
t851,0.0,0.0,0.0,0.0,0.0
t852,0.0,0.0,0.0,0.0,0.0
t853,0.0,0.0,272.2106500919068,0.0,272.2106500919068
t854,0.0,0.0,0.0,0.0,0.0
t855,0.0,0.0,0.0,0.0,0.0
t856,0.0,0.0,0.0,0.0,0.0
t857,0.0,0.0,0.0,0.0,0.0
t858,0.0,0.0,0.0,0.0,0.0
t859,0.0,0.0,0.0,0.0,0.0
t860,0.0,0.0,0.0,0.0,0.0
t861,0.0,0.0,0.0,0.0,0.0
t862,0.0,0.0,0.0,0.0,0.0
t863,0.0,0.0,0.0,0.0,0.0
t864,0.0,0.0,0.0,0.0,0.0
t865,0.0,0.0,0.0,0.0,0.0
t866,0.0,0.0,0.0,0.0,0.0
t867,0.0,0.0,0.0,0.0,0.0
t868,0.0,0.0,0.0,0.0,0.0
t869,0.0,0.0,0.0,0.0,0.0
t870,0.0,0.0,0.0,0.0,0.0
t871,0.0,0.0,0.0,0.0,0.0
t872,0.0,0.0,0.0,0.0,0.0
t873,0.0,0.0,0.0,0.0,0.0
t874,0.0,0.0,0.0,0.0,0.0
t875,0.0,0.0,0.0,0.0,0.0
t876,0.0,0.0,0.0,0.0,0.0
t877,0.0,0.0,0.0,0.0,0.0
t878,0.0,0.0,295.12350982109933,0.0,295.12350982109933
t879,0.0,0.0,7155.245988160164,0.0,7155.245988160164
t880,0.0,0.0,2785.7246733605266,0.0,2785.7246733605266
t881,0.0,0.0,0.0,0.0,0.0
t882,0.0,0.0,0.0,0.0,0.0
t883,0.0,0.0,0.0,0.0,0.0
t884,0.0,0.0,0.0,0.0,0.0
t885,0.0,0.0,0.0,0.0,0.0
t886,0.0,0.0,0.0,0.0,0.0
t887,0.0,0.0,5701.144644959141,0.0,5701.144644959141
t888,0.0,0.0,0.0,0.0,0.0
t889,0.0,0.0,12287.099251988602,0.0,12287.099251988602
t890,0.0,0.0,1736.2601411171177,0.0,1736.2601411171177
t891,0.0,0.0,1555.45768415681,0.0,1555.45768415681
t892,0.0,0.0,0.0,0.0,0.0
t893,0.0,0.0,0.0,0.0,0.0
t894,0.0,0.0,0.0,0.0,0.0
t895,0.0,0.0,0.0,0.0,0.0
t896,0.0,0.0,0.0,0.0,0.0
t897,0.0,0.0,0.0,0.0,0.0
t898,0.0,0.0,0.0,0.0,0.0
t899,0.0,0.0,0.0,0.0,0.0
t900,0.0,0.0,0.0,0.0,0.0
t901,0.0,0.0,0.0,0.0,0.0
t902,0.0,0.0,0.0,0.0,0.0
t903,0.0,0.0,0.0,0.0,0.0
t904,0.0,0.0,0.0,0.0,0.0
t905,0.0,0.0,0.0,0.0,0.0
t906,0.0,0.0,0.0,0.0,0.0
t907,0.0,0.0,0.0,0.0,0.0
t908,0.0,0.0,0.0,0.0,0.0
t909,0.0,0.0,0.0,0.0,0.0
t910,0.0,0.0,0.0,0.0,0.0
t911,0.0,0.0,0.0,0.0,0.0
t912,0.0,0.0,0.0,0.0,0.0
t913,0.0,0.0,0.0,0.0,0.0
t914,0.0,0.0,0.0,0.0,0.0
t915,0.0,0.0,0.0,0.0,0.0
t916,0.0,0.0,0.0,0.0,0.0
t917,0.0,0.0,0.0,0.0,0.0
t918,0.0,0.0,0.0,0.0,0.0
t919,0.0,0.0,0.0,0.0,0.0
t920,0.0,0.0,0.0,0.0,0.0
t921,0.0,0.0,0.0,0.0,0.0
t922,0.0,0.0,0.0,0.0,0.0
t923,0.0,0.0,0.0,0.0,0.0
t924,0.0,0.0,0.0,0.0,0.0
t925,0.0,0.0,0.0,0.0,0.0
t926,0.0,0.0,0.0,0.0,0.0
t927,0.0,0.0,0.0,0.0,0.0
t928,0.0,0.0,0.0,0.0,0.0
t929,0.0,0.0,0.0,0.0,0.0
t930,0.0,0.0,0.0,0.0,0.0
t931,0.0,0.0,0.0,0.0,0.0
t932,0.0,0.0,0.0,0.0,0.0
t933,0.0,0.0,0.0,0.0,0.0
t934,0.0,0.0,0.0,0.0,0.0
t935,0.0,0.0,0.0,0.0,0.0
t936,0.0,0.0,0.0,0.0,0.0
t937,0.0,0.0,0.0,0.0,0.0
t938,0.0,0.0,0.0,0.0,0.0
t939,0.0,0.0,0.0,0.0,0.0
t940,0.0,0.0,0.0,0.0,0.0
t941,0.0,0.0,0.0,0.0,0.0
t942,0.0,0.0,0.0,0.0,0.0
t943,0.0,0.0,0.0,0.0,0.0
t944,0.0,0.0,0.0,0.0,0.0
t945,0.0,0.0,0.0,0.0,0.0
t946,0.0,0.0,0.0,0.0,0.0
t947,0.0,0.0,0.0,0.0,0.0
t948,0.0,0.0,0.0,0.0,0.0
t949,0.0,0.0,0.0,0.0,0.0
t950,0.0,0.0,0.0,0.0,0.0
t951,0.0,0.0,0.0,0.0,0.0
t952,0.0,0.0,0.0,0.0,0.0
t953,0.0,0.0,0.0,0.0,0.0
t954,0.0,0.0,0.0,0.0,0.0
t955,0.0,0.0,0.0,0.0,0.0
t956,0.0,0.0,0.0,0.0,0.0
t957,0.0,0.0,0.0,0.0,0.0
t958,0.0,0.0,0.0,0.0,0.0
t959,0.0,0.0,0.0,0.0,0.0
t960,0.0,0.0,0.0,0.0,0.0
t961,0.0,0.0,0.0,0.0,0.0
t962,0.0,0.0,0.0,0.0,0.0
t963,0.0,0.0,0.0,0.0,0.0
t964,0.0,0.0,0.0,0.0,0.0
t965,0.0,0.0,0.0,0.0,0.0
t966,0.0,0.0,0.0,0.0,0.0
t967,0.0,0.0,0.0,0.0,0.0
t968,0.0,0.0,0.0,0.0,0.0
t969,0.0,0.0,0.0,0.0,0.0
t970,0.0,0.0,0.0,0.0,0.0
t971,0.0,0.0,0.0,0.0,0.0
t972,0.0,0.0,0.0,0.0,0.0
t973,0.0,0.0,0.0,0.0,0.0
t974,0.0,0.0,0.0,0.0,0.0
t975,0.0,0.0,0.0,0.0,0.0
t976,0.0,0.0,0.0,0.0,0.0
t977,0.0,0.0,0.0,0.0,0.0
t978,0.0,0.0,0.0,0.0,0.0
t979,0.0,0.0,0.0,0.0,0.0
t980,0.0,0.0,0.0,0.0,0.0
t981,0.0,0.0,143.8858674204475,0.0,143.8858674204475
t982,0.0,0.0,0.0,0.0,0.0
t983,0.0,0.0,0.0,0.0,0.0
t984,0.0,0.0,0.0,0.0,0.0
t985,0.0,0.0,0.0,0.0,0.0
t986,0.0,0.0,0.0,0.0,0.0
t987,0.0,0.0,0.0,0.0,0.0
t988,0.0,0.0,0.0,0.0,0.0
t989,0.0,0.0,0.0,0.0,0.0
t990,0.0,0.0,0.0,0.0,0.0
t991,0.0,0.0,0.0,0.0,0.0
t992,0.0,0.0,0.0,0.0,0.0
t993,0.0,0.0,0.0,0.0,0.0
t994,0.0,0.0,0.0,0.0,0.0
t995,0.0,0.0,0.0,0.0,0.0
t996,0.0,0.0,0.0,0.0,0.0
t997,0.0,0.0,0.0,0.0,0.0
t998,0.0,0.0,0.0,0.0,0.0
t999,0.0,0.0,0.0,0.0,0.0
t1000,0.0,0.0,0.0,0.0,0.0
t1001,0.0,0.0,13644.534861998216,0.0,13644.534861998216
t1002,0.0,0.0,1825.745203746754,0.0,1825.745203746754
t1003,0.0,0.0,0.0,0.0,0.0
t1004,0.0,0.0,0.0,0.0,0.0
t1005,0.0,0.0,0.0,0.0,0.0
t1006,0.0,0.0,0.0,0.0,0.0
t1007,0.0,0.0,0.0,0.0,0.0
t1008,0.0,0.0,1017.421769549678,0.0,1017.421769549678
t1009,0.0,0.0,2.220446049250313e-13,0.0,2.220446049250313e-13
t1010,0.0,0.0,-6.661338147750939e-13,0.0,-6.661338147750939e-13
t1011,0.0,0.0,6.661338147750939e-13,0.0,6.661338147750939e-13
t1012,0.0,0.0,-6.661338147750939e-13,0.0,-6.661338147750939e-13
t1013,0.0,0.0,2.220446049250313e-13,0.0,2.220446049250313e-13
t1014,0.0,0.0,2.220446049250313e-13,0.0,2.220446049250313e-13
t1015,0.0,0.0,0.0,0.0,0.0
t1016,0.0,0.0,0.0,0.0,0.0
t1017,0.0,0.0,0.0,0.0,0.0
t1018,0.0,0.0,0.0,0.0,0.0
t1019,0.0,0.0,5755.74532094669,0.0,5755.74532094669
t1020,0.0,0.0,16778.287765250836,0.0,16778.287765250836
t1021,0.0,0.0,26614.65401787096,0.0,26614.65401787096
t1022,0.0,0.0,16990.62400330495,0.0,16990.62400330495
t1023,0.0,0.0,10262.666629478812,0.0,10262.666629478812
t1024,0.0,0.0,0.0,0.0,0.0
t1025,0.0,0.0,0.0,0.0,0.0
t1026,0.0,0.0,0.0,0.0,0.0
t1027,0.0,0.0,0.0,0.0,0.0
t1028,0.0,0.0,0.0,0.0,0.0
t1029,0.0,0.0,0.0,0.0,0.0
t1030,0.0,0.0,0.0,0.0,0.0
t1031,0.0,0.0,0.0,0.0,0.0
t1032,0.0,0.0,0.0,0.0,0.0
t1033,0.0,0.0,0.0,0.0,0.0
t1034,0.0,0.0,0.0,0.0,0.0
t1035,0.0,0.0,0.0,0.0,0.0
t1036,0.0,0.0,0.0,0.0,0.0
t1037,0.0,0.0,0.0,0.0,0.0
t1038,0.0,0.0,0.0,0.0,0.0
t1039,0.0,0.0,0.0,0.0,0.0
t1040,0.0,0.0,0.0,0.0,0.0
t1041,0.0,0.0,0.0,0.0,0.0
t1042,0.0,0.0,0.0,0.0,0.0
t1043,0.0,0.0,0.0,0.0,0.0
t1044,0.0,0.0,0.0,0.0,0.0
t1045,0.0,0.0,0.0,0.0,0.0
t1046,0.0,0.0,0.0,0.0,0.0
t1047,0.0,0.0,0.0,0.0,0.0
t1048,0.0,0.0,0.0,0.0,0.0
t1049,0.0,0.0,0.0,0.0,0.0
t1050,0.0,0.0,0.0,0.0,0.0
t1051,0.0,0.0,0.0,0.0,0.0
t1052,0.0,0.0,0.0,0.0,0.0
t1053,0.0,0.0,0.0,0.0,0.0
t1054,0.0,0.0,0.0,0.0,0.0
t1055,0.0,0.0,0.0,0.0,0.0
t1056,0.0,0.0,0.0,0.0,0.0
t1057,0.0,0.0,0.0,0.0,0.0
t1058,0.0,0.0,0.0,0.0,0.0
t1059,0.0,0.0,0.0,0.0,0.0
t1060,0.0,0.0,0.0,0.0,0.0
t1061,0.0,0.0,-8.881784197001252e-13,0.0,-8.881784197001252e-13
t1062,0.0,0.0,3.3306690738754696e-13,0.0,3.3306690738754696e-13
t1063,0.0,0.0,0.0,0.0,0.0
t1064,0.0,0.0,0.0,0.0,0.0
t1065,0.0,0.0,0.0,0.0,0.0
t1066,0.0,0.0,0.0,0.0,0.0
t1067,0.0,0.0,0.0,0.0,0.0
t1068,0.0,0.0,0.0,0.0,0.0
t1069,0.0,0.0,0.0,0.0,0.0
t1070,0.0,0.0,0.0,0.0,0.0
t1071,0.0,0.0,0.0,0.0,0.0
t1072,0.0,0.0,0.0,0.0,0.0
t1073,0.0,0.0,0.0,0.0,0.0
t1074,0.0,0.0,0.0,0.0,0.0
t1075,0.0,0.0,0.0,0.0,0.0
t1076,0.0,0.0,0.0,0.0,0.0
t1077,0.0,0.0,0.0,0.0,0.0
t1078,0.0,0.0,0.0,0.0,0.0
t1079,0.0,0.0,0.0,0.0,0.0
t1080,0.0,0.0,-6.661338147750939e-13,0.0,-6.661338147750939e-13
t1081,0.0,0.0,-8.881784197001252e-13,0.0,-8.881784197001252e-13
t1082,0.0,0.0,0.0,0.0,0.0
t1083,0.0,0.0,0.0,0.0,0.0
t1084,0.0,0.0,0.0,0.0,0.0
t1085,0.0,0.0,0.0,0.0,0.0
t1086,0.0,0.0,0.0,0.0,0.0
t1087,0.0,0.0,8.881784197001252e-13,0.0,8.881784197001252e-13
t1088,0.0,0.0,0.0,0.0,0.0
t1089,0.0,0.0,0.0,0.0,0.0
t1090,0.0,0.0,0.0,0.0,0.0
t1091,0.0,0.0,0.0,0.0,0.0
t1092,0.0,0.0,13940.317014539583,0.0,13940.317014539583
t1093,0.0,0.0,5072.138639508472,0.0,5072.138639508472
t1094,0.0,0.0,16745.747518406115,0.0,16745.747518406115
t1095,0.0,0.0,10918.656232802543,0.0,10918.656232802543
t1096,0.0,0.0,4797.716478896891,0.0,4797.716478896891
t1097,0.0,0.0,0.0,0.0,0.0
t1098,0.0,0.0,0.0,0.0,0.0
t1099,0.0,0.0,0.0,0.0,0.0
t1100,0.0,0.0,0.0,0.0,0.0
t1101,0.0,0.0,0.0,0.0,0.0
t1102,0.0,0.0,0.0,0.0,0.0
t1103,0.0,0.0,0.0,0.0,0.0
t1104,0.0,0.0,0.0,0.0,0.0
t1105,0.0,0.0,0.0,0.0,0.0
t1106,0.0,0.0,0.0,0.0,0.0
t1107,0.0,0.0,0.0,0.0,0.0
t1108,0.0,0.0,0.0,0.0,0.0
t1109,0.0,0.0,0.0,0.0,0.0
t1110,0.0,0.0,0.0,0.0,0.0
t1111,0.0,0.0,0.0,0.0,0.0
t1112,0.0,0.0,0.0,0.0,0.0
t1113,0.0,0.0,0.0,0.0,0.0
t1114,0.0,0.0,0.0,0.0,0.0
t1115,0.0,0.0,0.0,0.0,0.0
t1116,0.0,0.0,0.0,0.0,0.0
t1117,0.0,0.0,0.0,0.0,0.0
t1118,0.0,0.0,0.0,0.0,0.0
t1119,0.0,0.0,0.0,0.0,0.0
t1120,0.0,0.0,0.0,0.0,0.0
t1121,0.0,0.0,0.0,0.0,0.0
t1122,0.0,0.0,0.0,0.0,0.0
t1123,0.0,0.0,0.0,0.0,0.0
t1124,0.0,0.0,0.0,0.0,0.0
t1125,0.0,0.0,0.0,0.0,0.0
t1126,0.0,0.0,0.0,0.0,0.0
t1127,0.0,0.0,0.0,0.0,0.0
t1128,0.0,0.0,0.0,0.0,0.0
t1129,0.0,0.0,3.885780586188048e-13,0.0,3.885780586188048e-13
t1130,0.0,0.0,7.771561172376096e-13,0.0,7.771561172376096e-13
t1131,0.0,0.0,2.220446049250313e-13,0.0,2.220446049250313e-13
t1132,0.0,0.0,-5.551115123125783e-13,0.0,-5.551115123125783e-13
t1133,0.0,0.0,6.661338147750939e-13,0.0,6.661338147750939e-13
t1134,0.0,0.0,-3.3306690738754696e-13,0.0,-3.3306690738754696e-13
t1135,0.0,0.0,0.0,0.0,0.0
t1136,0.0,0.0,-8.881784197001252e-13,0.0,-8.881784197001252e-13
t1137,0.0,0.0,0.0,0.0,0.0
t1138,0.0,0.0,0.0,0.0,0.0
t1139,0.0,0.0,0.0,0.0,0.0
t1140,0.0,0.0,0.0,0.0,0.0
t1141,0.0,0.0,0.0,0.0,0.0
t1142,0.0,0.0,0.0,0.0,0.0
t1143,0.0,0.0,0.0,0.0,0.0
t1144,0.0,0.0,0.0,0.0,0.0
t1145,0.0,0.0,0.0,0.0,0.0
t1146,0.0,0.0,0.0,0.0,0.0
t1147,0.0,0.0,0.0,0.0,0.0
t1148,0.0,0.0,0.0,0.0,0.0
t1149,0.0,0.0,0.0,0.0,0.0
t1150,0.0,0.0,0.0,0.0,0.0
t1151,0.0,0.0,0.0,0.0,0.0
t1152,0.0,0.0,-4.3021142204224816e-13,0.0,-4.3021142204224816e-13
t1153,0.0,0.0,-7.147060721024445e-13,0.0,-7.147060721024445e-13
t1154,0.0,0.0,-2.3592239273284576e-13,0.0,-2.3592239273284576e-13
t1155,0.0,0.0,6.106226635438361e-13,0.0,6.106226635438361e-13
t1156,0.0,0.0,-2.0122792321330962e-13,0.0,-2.0122792321330962e-13
t1157,0.0,0.0,-5.065392549852277e-13,0.0,-5.065392549852277e-13
t1158,0.0,0.0,-2.220446049250313e-13,0.0,-2.220446049250313e-13
t1159,0.0,0.0,-2.983724378680108e-13,0.0,-2.983724378680108e-13
t1160,0.0,0.0,8.049116928532385e-13,0.0,8.049116928532385e-13
t1161,0.0,0.0,0.0,0.0,0.0
t1162,0.0,0.0,0.0,0.0,0.0
t1163,0.0,0.0,0.0,0.0,0.0
t1164,0.0,0.0,0.0,0.0,0.0
t1165,0.0,0.0,0.0,0.0,0.0
t1166,0.0,0.0,0.0,0.0,0.0
t1167,0.0,0.0,0.0,0.0,0.0
t1168,0.0,0.0,0.0,0.0,0.0
t1169,0.0,0.0,0.0,0.0,0.0
t1170,0.0,0.0,0.0,0.0,0.0
t1171,0.0,0.0,0.0,0.0,0.0
t1172,0.0,0.0,0.0,0.0,0.0
t1173,0.0,0.0,0.0,0.0,0.0
t1174,0.0,0.0,0.0,0.0,0.0
t1175,0.0,0.0,0.0,0.0,0.0
t1176,0.0,0.0,0.0,0.0,0.0
t1177,0.0,0.0,6168.766810180927,0.0,6168.766810180927
t1178,0.0,0.0,9297.970548407535,0.0,9297.970548407535
t1179,0.0,0.0,13089.14618202655,0.0,13089.14618202655
t1180,0.0,0.0,0.0,0.0,0.0
t1181,0.0,0.0,0.0,0.0,0.0
t1182,0.0,0.0,0.0,0.0,0.0
t1183,0.0,0.0,12794.953640087264,0.0,12794.953640087264
t1184,0.0,0.0,0.0,0.0,0.0
t1185,0.0,0.0,0.0,0.0,0.0
t1186,0.0,0.0,0.0,0.0,0.0
t1187,0.0,0.0,54.15845302046307,0.0,54.15845302046307
t1188,0.0,0.0,529.6992198906771,0.0,529.6992198906771
t1189,0.0,0.0,0.0,0.0,0.0
t1190,0.0,0.0,0.0,0.0,0.0
t1191,0.0,0.0,0.0,0.0,0.0
t1192,0.0,0.0,0.0,0.0,0.0
t1193,0.0,0.0,0.0,0.0,0.0
t1194,0.0,0.0,0.0,0.0,0.0
t1195,0.0,0.0,0.0,0.0,0.0
t1196,0.0,0.0,0.0,0.0,0.0
t1197,0.0,0.0,0.0,0.0,0.0
t1198,0.0,0.0,0.0,0.0,0.0
t1199,0.0,0.0,0.0,0.0,0.0
t1200,0.0,0.0,10568.192866572357,0.0,10568.192866572357
t1201,0.0,0.0,0.0,0.0,0.0
t1202,0.0,0.0,18812.886586168544,0.0,18812.886586168544
t1203,0.0,0.0,3217.8335350963075,0.0,3217.8335350963075
t1204,0.0,0.0,17287.97060568388,0.0,17287.97060568388
t1205,0.0,0.0,6552.299138465958,0.0,6552.299138465958
t1206,0.0,0.0,3624.2778469015598,0.0,3624.2778469015598
t1207,0.0,0.0,17376.035640988237,0.0,17376.035640988237
t1208,0.0,0.0,0.0,0.0,0.0
t1209,0.0,0.0,0.0,0.0,0.0
t1210,0.0,0.0,0.0,0.0,0.0
t1211,0.0,0.0,0.0,0.0,0.0
t1212,0.0,0.0,2831.791836862065,0.0,2831.791836862065
t1213,0.0,0.0,2929.4429335290397,0.0,2929.4429335290397
t1214,0.0,0.0,1286.4490902816642,0.0,1286.4490902816642
t1215,0.0,0.0,0.0,0.0,0.0
t1216,0.0,0.0,0.0,0.0,0.0
t1217,0.0,0.0,0.0,0.0,0.0
t1218,0.0,0.0,0.0,0.0,0.0
t1219,0.0,0.0,0.0,0.0,0.0
t1220,0.0,0.0,0.0,0.0,0.0
t1221,0.0,0.0,0.0,0.0,0.0
t1222,0.0,0.0,0.0,0.0,0.0
t1223,0.0,0.0,0.0,0.0,0.0
t1224,0.0,0.0,0.0,0.0,0.0
t1225,0.0,0.0,19773.92992500433,0.0,19773.92992500433
t1226,0.0,0.0,7570.061021684857,0.0,7570.061021684857
t1227,0.0,0.0,8201.274081816027,0.0,8201.274081816027
t1228,0.0,0.0,27256.016020899595,0.0,27256.016020899595
t1229,0.0,0.0,26846.770772456133,0.0,26846.770772456133
t1230,0.0,0.0,6593.394178741725,0.0,6593.394178741725
t1231,0.0,0.0,19705.97944527347,0.0,19705.97944527347
t1232,0.0,0.0,6463.40547748149,0.0,6463.40547748149
t1233,0.0,0.0,14550.484266719817,0.0,14550.484266719817
t1234,0.0,0.0,27919.249001979846,0.0,27919.249001979846
t1235,0.0,0.0,16625.982932180385,0.0,16625.982932180385
t1236,0.0,0.0,28031.607899702973,0.0,28031.607899702973
t1237,0.0,0.0,21516.88452407468,0.0,21516.88452407468
t1238,0.0,0.0,28031.607899702973,0.0,28031.607899702973
t1239,0.0,0.0,18670.468248933183,0.0,18670.468248933183
t1240,0.0,0.0,20539.726072465586,0.0,20539.726072465586
t1241,0.0,0.0,2316.296262466537,0.0,2316.296262466537
t1242,0.0,0.0,876.9698607970327,0.0,876.9698607970327
t1243,0.0,0.0,843.1327057366716,0.0,843.1327057366716
t1244,0.0,0.0,2463.5393325932123,0.0,2463.5393325932123
t1245,0.0,0.0,18515.977660399025,0.0,18515.977660399025
t1246,0.0,0.0,0.0,0.0,0.0
t1247,0.0,0.0,1482.0642270213682,0.0,1482.0642270213682
t1248,0.0,0.0,71.56967593046737,0.0,71.56967593046737
t1249,0.0,0.0,2835.005456965284,0.0,2835.005456965284
t1250,0.0,0.0,18714.249416308285,0.0,18714.249416308285
t1251,0.0,0.0,0.0,0.0,0.0
t1252,0.0,0.0,0.0,0.0,0.0
t1253,0.0,0.0,1695.5542636271232,0.0,1695.5542636271232
t1254,0.0,0.0,0.0,0.0,0.0
t1255,0.0,0.0,0.0,0.0,0.0
t1256,0.0,0.0,0.0,0.0,0.0
t1257,0.0,0.0,0.0,0.0,0.0
t1258,0.0,0.0,0.0,0.0,0.0
t1259,0.0,0.0,0.0,0.0,0.0
t1260,0.0,0.0,0.0,0.0,0.0
t1261,0.0,0.0,0.0,0.0,0.0
t1262,0.0,0.0,0.0,0.0,0.0
t1263,0.0,0.0,0.0,0.0,0.0
t1264,0.0,0.0,0.0,0.0,0.0
t1265,0.0,0.0,0.0,0.0,0.0
t1266,0.0,0.0,0.0,0.0,0.0
t1267,0.0,0.0,0.0,0.0,0.0
t1268,0.0,0.0,0.0,0.0,0.0
t1269,0.0,0.0,0.0,0.0,0.0
t1270,0.0,0.0,0.0,0.0,0.0
t1271,0.0,0.0,0.0,0.0,0.0
t1272,0.0,0.0,0.0,0.0,0.0
t1273,0.0,0.0,0.0,0.0,0.0
t1274,0.0,0.0,10811.768218340403,0.0,10811.768218340403
t1275,0.0,0.0,2535.3749726826964,0.0,2535.3749726826964
t1276,0.0,0.0,23487.955348599462,0.0,23487.955348599462
t1277,0.0,0.0,7395.265599435436,0.0,7395.265599435436
t1278,0.0,0.0,11265.021100846028,0.0,11265.021100846028
t1279,0.0,0.0,5263.1803419698,0.0,5263.1803419698
t1280,0.0,0.0,4043.1934920581407,0.0,4043.1934920581407
t1281,0.0,0.0,12220.845522637203,0.0,12220.845522637203
t1282,0.0,0.0,23262.71172118033,0.0,23262.71172118033
t1283,0.0,0.0,11788.50670631812,0.0,11788.50670631812
t1284,0.0,0.0,4817.5508358552825,0.0,4817.5508358552825
t1285,0.0,0.0,13036.644099671383,0.0,13036.644099671383
t1286,0.0,0.0,23353.529573261705,0.0,23353.529573261705
t1287,0.0,0.0,26885.025486478527,0.0,26885.025486478527
t1288,0.0,0.0,27377.514268356554,0.0,27377.514268356554
t1289,0.0,0.0,3205.1934920581393,0.0,3205.1934920581393
t1290,0.0,0.0,21110.952271146223,0.0,21110.952271146223
t1291,0.0,0.0,1672.0789086515745,0.0,1672.0789086515745
t1292,0.0,0.0,154.4814540840811,0.0,154.4814540840811
t1293,0.0,0.0,1544.3433461666914,0.0,1544.3433461666914
t1294,0.0,0.0,0.0,0.0,0.0
t1295,0.0,0.0,0.0,0.0,0.0
t1296,0.0,0.0,0.0,0.0,0.0
t1297,0.0,0.0,11213.710194319403,0.0,11213.710194319403
t1298,0.0,0.0,0.0,0.0,0.0
t1299,0.0,0.0,6972.758403972398,0.0,6972.758403972398
t1300,0.0,0.0,0.0,0.0,0.0
t1301,0.0,0.0,5763.908381906809,0.0,5763.908381906809
t1302,0.0,0.0,5070.027238913287,0.0,5070.027238913287
t1303,0.0,0.0,0.0,0.0,0.0
t1304,0.0,0.0,0.0,0.0,0.0
t1305,0.0,0.0,0.0,0.0,0.0
t1306,0.0,0.0,23726.30354908189,0.0,23726.30354908189
t1307,0.0,0.0,16238.325412683444,0.0,16238.325412683444
t1308,0.0,0.0,27851.019647877853,0.0,27851.019647877853
t1309,0.0,0.0,21705.41161344353,0.0,21705.41161344353
t1310,0.0,0.0,17312.04455343619,0.0,17312.04455343619
t1311,0.0,0.0,28031.607899702973,0.0,28031.607899702973
t1312,0.0,0.0,28031.607899702973,0.0,28031.607899702973
t1313,0.0,0.0,5228.908954765128,0.0,5228.908954765128
t1314,0.0,0.0,6400.153631846212,0.0,6400.153631846212
t1315,0.0,0.0,18932.971042413927,0.0,18932.971042413927
t1316,0.0,0.0,967.6711573940686,0.0,967.6711573940686
t1317,0.0,0.0,5219.014553694795,0.0,5219.014553694795
t1318,0.0,0.0,3790.7942684171444,0.0,3790.7942684171444
t1319,0.0,0.0,4269.421491834361,0.0,4269.421491834361
t1320,0.0,0.0,14395.335385668006,0.0,14395.335385668006
t1321,0.0,0.0,15319.417954705137,0.0,15319.417954705137
t1322,0.0,0.0,25188.958467122597,0.0,25188.958467122597
t1323,0.0,0.0,25723.147704867075,0.0,25723.147704867075
t1324,0.0,0.0,10765.9655127697,0.0,10765.9655127697
t1325,0.0,0.0,5071.087293575413,0.0,5071.087293575413
t1326,0.0,0.0,5563.636412849206,0.0,5563.636412849206
t1327,0.0,0.0,20232.198465212874,0.0,20232.198465212874
t1328,0.0,0.0,0.0,0.0,0.0
t1329,0.0,0.0,22708.432834303865,0.0,22708.432834303865
t1330,0.0,0.0,18569.146434900504,0.0,18569.146434900504
t1331,0.0,0.0,16064.721517730992,0.0,16064.721517730992
t1332,0.0,0.0,11602.790995523648,0.0,11602.790995523648
t1333,0.0,0.0,10334.638777473006,0.0,10334.638777473006
t1334,0.0,0.0,20691.023466462215,0.0,20691.023466462215
t1335,0.0,0.0,10764.936717888451,0.0,10764.936717888451
t1336,0.0,0.0,10348.224784246599,0.0,10348.224784246599
t1337,0.0,0.0,0.0,0.0,0.0
t1338,0.0,0.0,0.0,0.0,0.0
t1339,0.0,0.0,0.0,0.0,0.0
t1340,0.0,0.0,12476.398383889044,0.0,12476.398383889044
t1341,0.0,0.0,2911.576129829875,0.0,2911.576129829875
t1342,0.0,0.0,14278.457243867879,0.0,14278.457243867879
t1343,0.0,0.0,1882.5334897519567,0.0,1882.5334897519567
t1344,0.0,0.0,5901.215730828767,0.0,5901.215730828767
